"ID","Description","GeneRatio","BgRatio","RichFactor","FoldEnrichment","zScore","pvalue","p.adjust","qvalue","geneID","Count"
"GO:0005539","glycosaminoglycan binding","106/4676","242/18639",0.43801652892562,1.7459773487264,6.7593876713184,1.38749386816436e-10,1.91196655033049e-07,1.59050612887473e-07,"PLA2G2D/RSPO1/PTPRF/ANGPTL3/EXTL2/COL11A1/REG4/PGLYRP3/PGLYRP4/LGR6/PRELP/GREM2/APOB/ALK/VIT/REG3G/REG1B/REG1A/REG3A/TNFAIP6/SERPINE2/CLEC3B/LTF/STAB1/CCDC80/PODXL2/PCOLCE2/LXN/LIPH/KNG1/FGFRL1/FGFBP1/JCHAIN/CXCL8/CXCL6/PF4V1/PF4/CXCL10/CXCL11/CXCL13/SPOCK3/VCAN/HAPLN1/HMMR/SLIT3/FGFR4/TNXB/CCN6/SMOC2/TMEM184A/PPIA/PTN/AOC1/GFRA2/SFRP1/SULF1/TNFRSF11B/CCN4/ECM2/AMBP/CEL/ITIH2/SPOCK2/HABP2/FGFR2/LYVE1/NAV2/CD44/F2/EPYC/DCN/STAB2/RNASE7/CTSG/BMP4/SMOC1/PGF/IGHM/THBS1/LIPC/CEMIP/ACAN/PCSK6/ZG16/NOD2/ADGRG1/C1QBP/CCL7/CCL23/LIPG/ELANE/PTPRS/TGFBR3L/PGLYRP2/COMP/PDCD5/APLP1/ZNF146/RSPO4/CCN5/BMP7/LIPI/ADA2/SERPIND1/ANOS1/BGN",106
"GO:0015291","secondary active transmembrane transporter activity","120/4676","287/18639",0.418118466898955,1.6666616990012,6.58646349028234,3.16132626786076e-10,2.17815379855607e-07,1.81193910826335e-07,"SLC30A2/SLC9A1/SLC6A9/SLC35D1/SLC44A5/SLC25A24/SLC26A9/SLC30A10/MFSD2B/SLC5A6/SLC1A4/SLC9A4/SLC9A2/SLC5A7/SLC20A1/SLC39A10/SLC11A1/SLC4A3/SLC6A6/SLC6A20/SLC38A3/SLC12A8/SLCO2A1/SLC9A9/LETM1/SLC4A4/SLC7A11/SLC9A3/SLC6A19/SLC6A18/SLC45A2/SLCO4C1/SLC12A2/SLC22A4/SLC22A5/SLC23A1/SLC4A9/SLC26A2/SLC6A7/SLC36A1/SLC17A4/SLC17A1/SLC17A3/SLC44A4/SLC29A1/SLC17A5/SLC16A10/SLC35D3/SLC26A3/SLC13A1/SLC4A2/SLC39A14/SLC20A2/SLCO5A1/CDH17/SLC30A8/SLC1A1/SLC24A2/SLC28A3/SLC35D2/SLC46A2/SLC25A25/SLC34A3/SLC39A12/SLC18A3/SLC16A9/SLC16A12/SLC25A22/SLC67A1/SLC22A11/SLCO2B1/SLC37A2/SLC6A12/SLCO1C1/SLCO1B3/SLCO1B3-SLCO1B7/SLCO1B1/SLCO1A2/SLC2A13/SLC11A2/SLC4A8/SLC6A15/SLC17A8/SLC46A3/SLC25A15/SLC15A1/SLC10A2/SLC25A21/SLC8A3/CHP1/SLC30A4/SLC5A11/SLC5A2/SLC12A3/SLC7A5/SLC13A5/SLC47A2/SLC46A1/SLC13A2/SLC6A4/SLC4A1/SLC25A19/SLC16A3/MFSD12/SLC25A23/SLC6A16/SLC17A7/SLC4A11/SLC32A1/SLC13A3/SLCO4A1/SLC17A9/SLC37A1/SLC19A1/SLC25A18/SLC35E4/CLCN4/SLC9A7/SLC38A5/SLC6A8",120
"GO:0008514","organic anion transmembrane transporter activity","113/4676","269/18639",0.420074349442379,1.67445804090173,6.4479852374082,7.41765997717736e-10,3.4037308014073e-07,2.83145889751169e-07,"GRIK3/SLC6A9/BEST4/SLC35D1/ABCD3/SLC25A24/SLC26A9/SLC5A6/SLC1A4/FABP1/ABCB11/SLC39A10/SLC4A3/SLC6A6/SLC6A20/SLC38A3/SLCO2A1/SLC7A14/SLC51A/SLC4A4/ABCG2/FABP2/SLC7A11/SLCO4C1/SLC23A1/SLC4A9/SLC26A2/SLC6A7/SLC36A1/GRIA1/SFXN1/SLC17A3/SLC44A4/SLC17A5/GRIK2/SLC16A10/SLC35D3/SLC22A2/SLC22A3/MPC1/CD36/ABCB1/SLC26A3/SLC4A2/SLC39A14/SLCO5A1/FABP4/SLC25A32/SLC1A1/SLC35D2/GRIN3A/SLC46A2/SLC25A25/AKR1C4/SLC39A12/SLC16A9/SLC16A12/ABCC2/SLC25A22/SLC43A1/SLC22A11/SLCO2B1/GRIA4/SLC37A2/SLC6A12/SLC2A14/GRIN2B/SLCO1C1/SLCO1B3/SLCO1B3-SLCO1B7/SLCO1B1/SLCO1A2/ABCD2/SLC4A8/SLC6A15/SLC17A8/SLC7A1/SLC25A15/SLC10A2/SLC25A21/SLC25A29/SLC51B/GRIN2A/ABCC1/SLC7A5/SLC52A1/SLC13A5/SLC46A1/SLC13A2/SLC4A1/ABCC3/NHERF1/SLC25A19/SLC16A3/MFSD12/SLC25A23/BEST2/SLC7A10/CEACAM1/GRIN2D/SLC17A7/SLC27A5/SLC4A11/SLC32A1/SLC13A3/SLCO4A1/SLC17A9/SLC37A1/SLC19A1/SLC25A18/SLC38A5/GRIA3/SLC6A8",113
"GO:0015081","sodium ion transmembrane transporter activity","77/4676","164/18639",0.469512195121951,1.87152219950343,6.48717614504577,9.88020551932454e-10,3.4037308014073e-07,2.83145889751169e-07,"SLC9A1/GRIK3/SLC6A9/MCOLN3/ATP1A1/ATP1A2/ATP1A4/KCNK1/KCNK3/SLC5A6/CNNM4/CNGA3/SLC9A4/SLC9A2/SLC5A7/SLC20A1/SCN1A/SCN9A/SCN7A/SLC6A6/SCN11A/SLC6A20/SLC38A3/SLC9A9/CNGA1/SLC4A4/SLC9A3/SLC6A18/HCN1/SLC12A2/SLC23A1/SLC4A9/SLC6A7/SLC17A4/SLC17A1/SLC17A3/SLC29A1/GRIK2/SLC13A1/SLC20A2/KCNK9/SLC1A1/SLC24A2/SLC28A3/SLC34A3/SCN4B/SCN2B/SLC6A12/SCNN1A/ASIC1/SLC4A8/SLC6A15/SLC17A8/ATP12A/SLC10A2/SLC8A3/CHP1/HCN4/SCNN1G/SCNN1B/SLC5A11/SLC5A2/SLC12A3/CNGB1/TRPV3/SLC13A5/SLC13A2/SLC6A4/SCN4A/MCOLN1/TRPM4/SLC17A7/SLC4A11/SLC13A3/SLC9A7/SLC38A5/SLC6A8",77
"GO:0003823","antigen binding","80/4676","174/18639",0.459770114942529,1.83268930120055,6.38602315262585,1.6170454020617e-09,4.45657712808204e-07,3.70728935335829e-07,"FCN3/CD1D/CD1C/SLAMF1/IGKC/IGKV4-1/IGKV5-2/IGKV1-16/IGKV2-30/IGKV2D-28/IGKV1D-12/JCHAIN/HLA-G/HLA-H/HLA-A/HLA-E/HLA-C/HLA-B/HLA-DRB5/HLA-DRB1/HLA-DQB1/HLA-DMB/TRGV9/TRGV3/TRBV7-9/KLRD1/TRAV12-1/TRAV8-4/TRAV19/TRAV29DV5/IGHA2/IGHA1/IGHG1/IGHM/IGHV6-1/IGHV4-4/IGHV7-4-1/IGHV2-5/IGHV3-7/IGHV3-64D/IGHV3-11/IGHV1-18/IGHV2-26/IGHV4-28/IGHV4-34/IGHV4-39/IGHV3-43/IGHV3-49/IGHV4-59/IGHV3-64/IGHV3-66/IGHV1-69/IGHV1-69D/IGHV3-72/IGHV3-73/IGHV3-74/IGHV7-81/B2M/GP2/SLC7A5/CD209/CLEC4M/IGLV6-57/IGLV1-51/IGLV1-47/IGLV1-44/IGLV7-43/IGLV1-40/IGLV3-27/IGLV2-23/IGLV3-19/IGLV2-14/IGLV2-11/IGLV2-8/IGLL5/IGLC2/IGLC3/IGLC6/IGLC7/IGLL1",80
"GO:0046873","metal ion transmembrane transporter activity","169/4676","450/18639",0.375555555555556,1.49700171086399,6.17599968365481,2.16433692122926e-09,4.9707604624232e-07,4.13502264424327e-07,"SLC30A2/SLC9A1/GRIK3/SLC6A9/MCOLN2/MCOLN3/KCNA3/ATP1A1/KCNJ10/KCNJ9/ATP1A2/ATP1A4/TMCO1/CACNA1E/SLC30A10/KCNK1/RYR2/KCNF1/FKBP1B/KCNK3/SLC5A6/KCNG3/KCNK12/CNNM4/CNGA3/SLC9A4/SLC9A2/SLC5A7/SLC20A1/TMEM37/KCNJ3/SCN1A/SCN9A/SCN7A/SLC39A10/TMBIM1/SLC11A1/TRPM8/SLC6A6/KCNH8/SCN11A/SLC6A20/SLC38A3/CACNA1D/SLC12A8/SLC9A9/CLDN16/LETM1/KCNIP4/NIPAL1/CNGA1/SLC4A4/SLC9A3/SLC6A18/HCN1/SLC12A2/TRPC7/SLC23A1/SLC4A9/SLC6A7/GRIA1/KCNIP1/SLC17A4/SLC17A1/SLC17A3/KCNK5/SLC29A1/KCNQ5/HTR1B/GRIK2/SLC13A1/SLC39A14/SLC20A2/KCNB2/KCNV1/SLC30A8/KCNQ3/KCNK9/KCNV2/SLC1A1/SLC24A2/TRPM6/SLC28A3/GRIN3A/SLC31A2/KCNT1/SLC34A3/SLC39A12/FXYD4/KCNIP2/CNNM2/CALHM3/KCNQ1/KCNJ11/ABCC8/KCNE3/SCN4B/SCN2B/SLC6A12/KCNA6/KCNA5/SCNN1A/GRIN2B/ABCC9/ASIC1/SLC11A2/SLC4A8/KCNMB4/SLC6A15/ATP2B1/SLC17A8/SLC41A2/TRPV4/P2RX4/ATP12A/SLC46A3/SLC10A2/NALF1/SLC39A2/SLC8A3/PSEN1/CHRNA7/CHP1/SLC30A4/HCN4/GRIN2A/SCNN1G/SCNN1B/SLC5A11/SLC5A2/SLC12A3/CNGB1/PKD1L2/TRPV3/TRPV1/P2RX1/ATP2A3/SLC13A5/SLC13A2/SLC6A4/CACNB1/KCNH4/TSPOAP1/SCN4A/CACNG5/CACNG4/TMEM94/MCOLN1/CACNA1A/KCNK6/RYR1/KCNN4/GRIN2D/KCNJ14/KCNA7/TRPM4/SLC17A7/CACNG8/TMC2/SLC4A11/KCNS1/SLC13A3/KCNG1/KCNJ6/SLC9A7/SLC38A5/NALF2/GRIA3/SLC6A8",169
"GO:0005342","organic acid transmembrane transporter activity","83/4676","189/18639",0.439153439153439,1.75050918571021,6.00117463317868,1.15841458546672e-08,2.2804218553902e-06,1.89701275725302e-06,"GRIK3/SLC6A9/SLC35D1/ABCD3/SLC26A9/SLC5A6/SLC1A4/FABP1/ABCB11/SLC6A6/SLC6A20/SLC38A3/SLC7A14/SLC51A/ABCG2/FABP2/SLC7A11/SLC23A1/SLC26A2/SLC6A7/SLC36A1/GRIA1/SFXN1/SLC17A5/GRIK2/SLC16A10/SLC22A2/MPC1/SLC29A4/CD36/ABCB1/SLC26A3/FABP4/SLC25A32/SLC1A1/SLC35D2/GRIN3A/AKR1C4/SLC16A9/SLC16A12/ABCC2/SLC25A22/SLC43A1/SLCO2B1/GRIA4/SLC6A12/GRIN2B/SLCO1C1/SLCO1B3/SLCO1B3-SLCO1B7/SLCO1B1/SLCO1A2/ABCD2/SLC6A15/SLC17A8/SLC7A1/SLC25A15/SLC10A2/SLC25A21/SLC25A29/SLC51B/GRIN2A/ABCC1/SLC7A5/SLC13A5/SLC46A1/SLC13A2/ABCC3/NHERF1/SLC16A3/MFSD12/SLC7A10/CEACAM1/GRIN2D/SLC17A7/SLC27A5/SLC32A1/SLC13A3/SLC19A1/SLC25A18/SLC38A5/GRIA3/SLC6A8",83
"GO:0046943","carboxylic acid transmembrane transporter activity","82/4676","188/18639",0.436170212765957,1.73861774930382,5.89028415008748,2.06036755592425e-08,3.54898311507952e-06,2.95228982684409e-06,"GRIK3/SLC6A9/SLC35D1/ABCD3/SLC26A9/SLC5A6/SLC1A4/FABP1/ABCB11/SLC6A6/SLC6A20/SLC38A3/SLC7A14/SLC51A/ABCG2/FABP2/SLC7A11/SLC23A1/SLC26A2/SLC6A7/SLC36A1/GRIA1/SFXN1/SLC17A5/GRIK2/SLC16A10/SLC22A2/MPC1/CD36/ABCB1/SLC26A3/FABP4/SLC25A32/SLC1A1/SLC35D2/GRIN3A/AKR1C4/SLC16A9/SLC16A12/ABCC2/SLC25A22/SLC43A1/SLCO2B1/GRIA4/SLC6A12/GRIN2B/SLCO1C1/SLCO1B3/SLCO1B3-SLCO1B7/SLCO1B1/SLCO1A2/ABCD2/SLC6A15/SLC17A8/SLC7A1/SLC25A15/SLC10A2/SLC25A21/SLC25A29/SLC51B/GRIN2A/ABCC1/SLC7A5/SLC13A5/SLC46A1/SLC13A2/ABCC3/NHERF1/SLC16A3/MFSD12/SLC7A10/CEACAM1/GRIN2D/SLC17A7/SLC27A5/SLC32A1/SLC13A3/SLC19A1/SLC25A18/SLC38A5/GRIA3/SLC6A8",82
"GO:0022804","active transmembrane transporter activity","166/4676","457/18639",0.363238512035011,1.4479047531695,5.61009842195277,4.44291248214517e-08,6.80259266710671e-06,5.65886747725858e-06,"SLC30A2/SLC9A1/SLC6A9/SLC35D1/SLC44A5/ABCA4/ABCD3/SLC25A24/ATP1A1/ATP1A2/ATP1A4/SLC26A9/SLC30A10/TOMM20/ATP6V1C2/MFSD2B/SLC5A6/ABCG5/ABCG8/ATP6V1E2/SLC1A4/ATP6V1B1/SLC9A4/SLC9A2/SLC5A7/SLC20A1/ABCB11/CYBRD1/SLC39A10/ABCA12/SLC11A1/ABCB6/SLC4A3/SLC6A6/SLC6A20/SLC38A3/SLC12A8/SLCO2A1/SLC9A9/ATP13A5/ATP13A4/LETM1/ATP8A1/SLC4A4/ABCG2/SLC7A11/SLC9A3/SLC6A19/SLC6A18/SLC45A2/SLCO4C1/SLC12A2/SLC22A4/SLC22A5/SLC23A1/SLC4A9/SLC26A2/SLC6A7/SLC36A1/SLC17A4/SLC17A1/SLC17A3/SLC44A4/SLC29A1/SLC17A5/SLC16A10/SLC35D3/SLC22A2/SLC22A3/SLC29A4/ABCB5/ABCA13/ABCB1/SLC26A3/SLC13A1/ATP6V0A4/SLC4A2/SLC39A14/SLC20A2/SLCO5A1/ATP6V0D2/CDH17/SLC30A8/SLC1A1/SLC24A2/SLC28A3/SLC35D2/SLC46A2/SLC25A25/SLC34A3/SLC39A12/SLC18A3/SLC16A9/SLC16A12/ABCC2/SLC25A22/SLC67A1/KCNJ11/ABCC8/CYB561A3/SLC22A11/SLCO2B1/SLC37A2/SLC6A12/SLCO1C1/SLCO1B3/SLCO1B3-SLCO1B7/SLCO1B1/SLCO1A2/ABCC9/ABCD2/SLC2A13/SLC11A2/SLC4A8/SLC6A15/ATP2B1/SLC17A8/ATP12A/SLC46A3/SLC25A15/SLC15A1/SLC10A2/SLC25A21/SLC8A3/CHP1/SLC30A4/ABCC1/SLC5A11/SLC5A2/SLC12A3/ATP6V0D1/SLC7A5/ATP2A3/SLC13A5/SLC47A2/SLC46A1/SLC13A2/SLC6A4/SLC4A1/ABCC3/ABCA8/ABCA9/ABCA6/ABCA10/ABCA5/SLC25A19/TMEM94/SLC16A3/MFSD12/SLC25A23/SLC6A16/SLC17A7/SLC4A11/SLC32A1/SLC13A3/SLCO4A1/SLC17A9/ABCG1/SLC37A1/SLC19A1/SLC25A18/SLC35E4/CLCN4/SLC9A7/SLC38A5/SLC6A8",166
"GO:0005201","extracellular matrix structural constituent","74/4676","168/18639",0.44047619047619,1.75578180373946,5.69447124469227,6.05649181295244e-08,8.34584571824847e-06,6.94265219400548e-06,"MFAP2/PODN/COL11A1/DPT/PRG4/CHI3L1/PRELP/MATN3/EFEMP1/COL3A1/COL5A2/FBLN2/COL7A1/COL8A1/ABI3BP/ADIPOQ/ENAM/MMRN1/NPNT/FGB/FGA/ESM1/VCAN/HAPLN1/EDIL3/TGFBI/SPARC/TNXB/COL19A1/COL9A1/COL12A1/COL10A1/ZP3/FGL2/COL1A2/MUC17/SBSPON/MATN2/CTHRC1/COL14A1/COL22A1/OGN/COL27A1/TNC/HMCN2/COL17A1/MUC5AC/SPON1/MFAP5/MGP/COL2A1/DCN/COL4A1/FBLN5/THBS1/CILP/THSD4/ACAN/MFAP4/COL1A1/LAMA1/LAMA3/COMP/EMILIN3/LAMA5/COL9A3/FBLN1/MXRA5/ANOS1/AMELX/SRPX/SRPX2/COL4A6/BGN",74
"GO:0022836","gated channel activity","122/4676","318/18639",0.383647798742138,1.5292581951999,5.50876314793915,9.40283641898723e-08,1.10364408820371e-05,9.18087550266471e-06,"GABRD/CLCNKA/CLCNKB/GRIK3/BEST4/MCOLN2/MCOLN3/CLCA4/KCNA3/KCNJ10/KCNJ9/CACNA1E/PACC1/TMEM63A/KCNK1/RYR2/KCNF1/FKBP1B/KCNK3/KCNG3/KCNK12/CNGA3/TMEM37/KCNJ3/SCN1A/SCN7A/CHRNA1/TRPM8/KCNH8/CACNA1D/HTR3E/CLCN2/GABRA2/GABRA4/GABRB1/CNGA1/HCN1/NMUR2/GRIA1/GABRB2/GABRP/SLC17A3/KCNK5/TMEM63B/KCNQ5/HTR1B/GRIK2/TTYH3/KCNB2/KCNV1/KCNQ3/KCNK9/KCNV2/GRIN3A/KCNT1/KCNIP2/CALHM3/KCNQ1/KCNJ11/ABCC8/ANO5/P2RX3/ANO1/KCNE3/GRIA4/HTR3A/SCN2B/KCNA6/KCNA5/SCNN1A/GRIN2B/ABCC9/AQP6/ASIC1/BEST3/KCNMB4/TRPV4/HVCN1/P2RX4/P2RX2/NALF1/TMEM63C/GABRB3/CHRNA7/HCN4/CHRNA5/GRIN2A/SCNN1G/SCNN1B/CNGB1/TRPV1/P2RX5/P2RX1/CACNB1/KCNH4/TSPOAP1/CACNG5/CACNG4/MCOLN1/BEST2/CACNA1A/KCNK6/RYR1/KCNN4/GRIN2D/KCNJ14/KCNA7/TRPM4/CACNG8/TMC4/TMC2/KCNS1/KCNG1/CHRNA4/KCNJ6/P2RX6/CLCN4/GLRA2/NALF2/GRIA3/GABRA3/GABRQ",122
"GO:0030246","carbohydrate binding","110/4676","280/18639",0.392857142857143,1.56596755468655,5.52196406043866,9.61083385953881e-08,1.10364408820371e-05,9.18087550266471e-06,"SLC2A5/FBXO2/CRYBG2/FCN3/CHI3L2/REG4/ITLN2/SELE/PRG4/CHI3L1/CNTN2/EGLN1/KHK/UGP2/LGALSL/CLEC4F/CD207/HK2/REG3G/REG1B/REG1A/REG3A/RPIA/GALNT15/CLEC3B/FAM3D/PLOD2/PTX3/SI/P3H2/ADGRL3/STBD1/IL2/GALNT7/VCAN/HLA-DRB1/COL9A1/ENPP1/GALNT17/ZP3/NPTX2/PTN/KLRG2/MGAM/CLEC5A/PPP1R3B/LOXL2/FREM1/GALNT12/AMBP/SFTPA2/ATRNL1/DCDC1/LGALS12/P4HA3/NECTIN1/CLEC6A/CLEC4E/KLRB1/CLEC9A/OLR1/KLRD1/KLRK1/KLRC4-KLRK1/KLRC3/KLRC1/CNTN1/PFKM/GALNT6/KRT1/MLEC/GALNT9/EGLN3/LGALS3/GALNT16/SORD/LMAN1L/CEMIP/ACAN/ZG16/OGFOD1/CLEC18A/CLEC18C/CLEC18B/PKD1L2/CLEC10A/ASGR1/LGALS9C/LGALS9B/LGALS9/GALK1/COLEC12/BSG/FCER2/CD209/CLEC4M/CLEC17A/MAG/CD22/LGALS7B/LGALS4/SIGLEC11/SIGLEC10/SIGLEC8/SIGLEC6/SIGLEC1/GPCPD1/CHODL/FAM3B/LGALS2",110
"GO:0005125","cytokine activity","95/4676","234/18639",0.405982905982906,1.61828814897677,5.50780398585072,1.17061146480703e-07,1.24084815269545e-05,1.03222338880555e-05,"BMP8A/BMP8B/CSF1/XCL2/FASLG/IL24/LEFTY1/WNT9A/GREM2/ALKAL2/GDF7/IL1A/IL36G/IL36RN/INHBB/SCG2/WNT7A/CMTM8/WNT5A/FAM3D/TNFSF10/ADIPOQ/CXCL8/CXCL6/PF4V1/PF4/PPBP/CXCL5/CXCL3/CXCL9/CXCL10/CXCL11/CXCL13/BMP3/SPP1/IL2/IL15/CCL28/CSF2/BMP6/IL17A/IL17F/BMP5/INHBA/CCL26/CCL24/EPO/WNT2/BMP1/NRG1/ALKAL1/GDF6/TNFRSF11B/IL33/IFNE/CCL19/CCL21/TNFSF15/C5/CXCL12/GPR15LG/WNT8B/IL18/WNT10B/WNT1/IL23A/INHBE/IL17D/HMGB1/CMTM5/BMP4/IL16/IL32/IL27/CCL7/CCL5/CCL16/CCL23/GRN/SECTM1/EBI3/TNFSF9/TNFSF14/CCL25/GDF15/CRLF1/IL11/BMP2/BMP7/FAM3B/LIF/WNT7B/NDP/TIMP1/CD40LG",95
"GO:0015103","inorganic anion transmembrane transporter activity","72/4676","165/18639",0.436363636363636,1.73938875495762,5.5205440512544,1.4321822605281e-07,1.40967653929123e-05,1.17266652760534e-05,"GABRD/CLCNKA/CLCNKB/BEST4/CLCA4/SLC25A24/SLC26A9/PACC1/SLC5A6/SLC1A4/SLC20A1/SLC4A3/SLC6A6/SLC12A8/CLCN2/GABRA2/GABRA4/GABRB1/SLC4A4/SLC6A18/SLC12A2/SLC4A9/SLC26A2/NMUR2/GABRB2/GABRP/SLC17A4/SLC17A1/SLC17A3/CLIC5/SLC25A27/TTYH3/CLDN4/SLC26A3/SLC13A1/SLC4A2/SLC20A2/SLC1A1/SLC25A25/SLC34A3/ABCC2/ANO5/ANO3/SLC22A11/ANO1/SLC37A2/SLC6A12/ABCC9/AQP6/SLC4A8/BEST3/SLC17A8/GABRB3/OCA2/ABCC1/SLC12A3/SLC6A4/SLC4A1/ABCC3/SLC25A23/BEST2/FXYD3/FXYD1/SLC17A7/TMC4/SLC4A11/SLC37A1/CLCN4/GLRA2/GABRA3/GABRQ/SLC6A8",72
"GO:0015293","symporter activity","64/4676","146/18639",0.438356164383562,1.74733116936382,5.24606146907609,5.67580440185283e-07,5.21417231050213e-05,4.33750946920542e-05,"SLC6A9/MFSD2B/SLC5A6/SLC1A4/SLC5A7/SLC20A1/SLC39A10/SLC6A6/SLC6A20/SLC38A3/SLC12A8/SLC4A4/SLC6A19/SLC6A18/SLC45A2/SLC12A2/SLC22A4/SLC22A5/SLC23A1/SLC4A9/SLC6A7/SLC36A1/SLC17A4/SLC17A1/SLC17A3/SLC29A1/SLC17A5/SLC13A1/SLC39A14/SLC20A2/SLC1A1/SLC24A2/SLC28A3/SLC46A2/SLC34A3/SLC39A12/SLC16A9/SLC25A22/SLC67A1/SLC6A12/SLC2A13/SLC11A2/SLC4A8/SLC6A15/SLC17A8/SLC46A3/SLC15A1/SLC10A2/SLC5A11/SLC5A2/SLC12A3/SLC13A5/SLC46A1/SLC13A2/SLC6A4/SLC16A3/MFSD12/SLC6A16/SLC17A7/SLC4A11/SLC32A1/SLC13A3/SLC25A18/SLC6A8",64
"GO:0005179","hormone activity","59/4676","132/18639",0.446969696969697,1.78166556497395,5.21539815809405,7.02145617944638e-07,6.0472291345482e-05,5.0305038022481e-05,"C1QTNF12/EDN2/GUCA2A/INSL5/AGT/POMC/UCN/REG3A/ECRG4/INHBB/GCG/NPPC/ERFE/CCK/UCN2/RETNLB/KNG1/ADIPOQ/SST/UTS2B/APELA/STC2/VIP/NPY/INHBA/EPO/VGF/LEP/STC1/GNRH1/PNOC/TG/RLN2/ENHO/UCN3/IGF2/ADM/CALCA/GAL/INHBE/IGF1/C1QTNF9/GAST/HCRT/PPY/PYY/METRNL/TTR/GRP/AMH/CCL25/INSL3/GDF15/LHB/CGB7/CHGB/ASIP/EDN3/APLN",59
"GO:0017116","single-stranded DNA helicase activity","32/4676","58/18639",0.551724137931034,2.19922716144067,5.29332363165224,9.49316280743246e-07,7.69504608743643e-05,6.40127201070833e-05,"RAD54L/DQX1/MCM6/POLQ/MCM2/RUVBL1/RFC4/MCM3/ASCC3/RFC2/MCM7/MCM4/DSCC1/DNA2/TWNK/NAV2/DDX11/HELB/RFC5/RFC3/GTF2F2/RAD51/PIF1/BLM/CHTF18/RECQL5/ERCC2/RUVBL2/MCM8/CHD6/MCM5/ERCC6L",32
"GO:0003678","DNA helicase activity","38/4676","74/18639",0.513513513513513,2.04691582086792,5.22188955250602,1.06417346953335e-06,8.14683911676084e-05,6.77710472702815e-05,"RAD54L/DQX1/MCM6/POLQ/MCM2/RUVBL1/RFC4/ZGRF1/MCM3/ASCC3/RFC2/MCM7/MCM4/RAD54B/DSCC1/RECQL4/DNA2/TWNK/NAV2/MRE11/DDX11/HELB/RFC5/RFC3/GTF2F2/FANCM/RAD51/PIF1/BLM/CHTF18/BRIP1/RECQL5/ERCC2/RUVBL2/MCM8/CHD6/MCM5/ERCC6L",38
"GO:0017171","serine hydrolase activity","80/4676","198/18639",0.404040404040404,1.61054514347928,4.9981084831294,1.41483944977075e-06,0.000102613092725478,8.53606737285508e-05,"CELA3B/CELA3A/RHBDL2/PCSK9/CTSS/DPP10/DPP4/FAP/PRSS56/LTF/AADAC/MASP1/CORIN/CFI/PRSS12/KLKB1/GZMA/F12/ACHE/RELN/IMMP2L/PRSS2/DPP6/BMP1/PRSS3/PCSK5/RBP3/PLAU/HABP2/F2/MMP7/MMP8/MMP10/MMP1/MMP3/MMP12/MMP13/TMPRSS5/PCSK7/TMPRSS13/ST14/OVCH1/F7/CMA1/CTSG/GZMB/PCSK6/RHBDL1/TPSG1/TPSB2/TPSAB1/TPSD1/PRSS33/PRSS41/PRSS22/PRSS8/PRSS36/HP/CTRB2/CTRB1/GZMM/ELANE/CFD/PCSK4/HPN/PRRG2/KLK6/KLK7/KLK8/KLK10/KLK11/KLK12/KLK13/KLK14/PCSK2/CTSA/MMP9/TMPRSS2/TMPRSS6/PRRG3",80
"GO:0008236","serine-type peptidase activity","78/4676","194/18639",0.402061855670103,1.60265845334368,4.88292803654642,2.38076066680686e-06,0.000164034409942993,0.00013645517716593,"CELA3B/CELA3A/RHBDL2/PCSK9/CTSS/DPP10/DPP4/FAP/PRSS56/LTF/MASP1/CORIN/CFI/PRSS12/KLKB1/GZMA/F12/RELN/IMMP2L/PRSS2/DPP6/BMP1/PRSS3/PCSK5/RBP3/PLAU/HABP2/F2/MMP7/MMP8/MMP10/MMP1/MMP3/MMP12/MMP13/TMPRSS5/PCSK7/TMPRSS13/ST14/OVCH1/F7/CMA1/CTSG/GZMB/PCSK6/RHBDL1/TPSG1/TPSB2/TPSAB1/TPSD1/PRSS33/PRSS41/PRSS22/PRSS8/PRSS36/HP/CTRB2/CTRB1/GZMM/ELANE/CFD/PCSK4/HPN/PRRG2/KLK6/KLK7/KLK8/KLK10/KLK11/KLK12/KLK13/KLK14/PCSK2/CTSA/MMP9/TMPRSS2/TMPRSS6/PRRG3",78
"GO:0004252","serine-type endopeptidase activity","72/4676","176/18639",0.409090909090909,1.63067695777277,4.86474072834365,2.73131453307163e-06,0.000179226258408224,0.000149092808346617,"CELA3B/CELA3A/RHBDL2/PCSK9/CTSS/DPP4/FAP/PRSS56/LTF/MASP1/CORIN/CFI/KLKB1/GZMA/F12/IMMP2L/PRSS2/BMP1/PRSS3/PCSK5/PLAU/HABP2/F2/MMP7/MMP8/MMP10/MMP1/MMP3/MMP12/MMP13/TMPRSS5/PCSK7/TMPRSS13/ST14/OVCH1/F7/CMA1/CTSG/GZMB/PCSK6/RHBDL1/TPSG1/TPSB2/TPSAB1/TPSD1/PRSS33/PRSS41/PRSS22/PRSS8/PRSS36/HP/CTRB2/CTRB1/GZMM/ELANE/CFD/PCSK4/HPN/PRRG2/KLK6/KLK7/KLK8/KLK10/KLK11/KLK12/KLK13/KLK14/PCSK2/MMP9/TMPRSS2/TMPRSS6/PRRG3",72
"GO:0015276","ligand-gated monoatomic ion channel activity","75/4676","186/18639",0.403225806451613,1.60729807665774,4.81695315560707,3.2486462350908e-06,0.000203483386907051,0.00016927156698631,"GABRD/GRIK3/BEST4/MCOLN2/MCOLN3/CLCA4/KCNJ10/KCNJ9/PACC1/TMEM63A/KCNK1/RYR2/FKBP1B/CNGA3/KCNJ3/CHRNA1/TRPM8/HTR3E/GABRA2/GABRA4/GABRB1/CNGA1/HCN1/NMUR2/GRIA1/GABRB2/GABRP/TMEM63B/GRIK2/TTYH3/GRIN3A/KCNT1/KCNJ11/ABCC8/ANO5/P2RX3/ANO1/GRIA4/HTR3A/SCNN1A/GRIN2B/ABCC9/AQP6/ASIC1/BEST3/KCNMB4/P2RX4/P2RX2/TMEM63C/GABRB3/CHRNA7/HCN4/CHRNA5/GRIN2A/SCNN1G/SCNN1B/CNGB1/TRPV1/P2RX5/P2RX1/MCOLN1/BEST2/KCNK6/RYR1/KCNN4/GRIN2D/KCNJ14/TRPM4/CHRNA4/KCNJ6/P2RX6/GLRA2/GRIA3/GABRA3/GABRQ",75
"GO:0170055","lipid transmembrane transporter activity","30/4676","56/18639",0.535714285714286,2.13541030184529,4.92420887281664,4.65823634246208e-06,0.000279089116517946,0.000232165646541932,"ABCA4/ABCD3/FABP1/ABCB11/ABCA12/SLCO2A1/SLC51A/FABP2/SLC22A2/CD36/FABP4/AKR1C4/RBP4/SLC22A11/SLCO2B1/SLCO1C1/SLCO1B3/SLCO1B3-SLCO1B7/SLCO1B1/SLCO1A2/ABCD2/SLC10A2/SLC51B/STRA6/ABCC1/ABCC3/CEACAM1/SLC27A5/SLCO4A1/ABCG1",30
"GO:0022834","ligand-gated channel activity","75/4676","188/18639",0.398936170212766,1.59019916094862,4.70668456912559,5.16788560662896e-06,0.000296722765247279,0.000246834536211357,"GABRD/GRIK3/BEST4/MCOLN2/MCOLN3/CLCA4/KCNJ10/KCNJ9/PACC1/TMEM63A/KCNK1/RYR2/FKBP1B/CNGA3/KCNJ3/CHRNA1/TRPM8/HTR3E/GABRA2/GABRA4/GABRB1/CNGA1/HCN1/NMUR2/GRIA1/GABRB2/GABRP/TMEM63B/GRIK2/TTYH3/GRIN3A/KCNT1/KCNJ11/ABCC8/ANO5/P2RX3/ANO1/GRIA4/HTR3A/SCNN1A/GRIN2B/ABCC9/AQP6/ASIC1/BEST3/KCNMB4/P2RX4/P2RX2/TMEM63C/GABRB3/CHRNA7/HCN4/CHRNA5/GRIN2A/SCNN1G/SCNN1B/CNGB1/TRPV1/P2RX5/P2RX1/MCOLN1/BEST2/KCNK6/RYR1/KCNN4/GRIN2D/KCNJ14/TRPM4/CHRNA4/KCNJ6/P2RX6/GLRA2/GRIA3/GABRA3/GABRQ",75
"GO:0005216","monoatomic ion channel activity","154/4676","448/18639",0.34375,1.37022161035073,4.590077533808,5.59474857299459e-06,0.000308382541343462,0.000256533945094362,"GABRD/CLCNKA/CLCNKB/GRIK3/BEST4/MCOLN2/MCOLN3/CLCA4/KCNA3/KCNJ10/KCNJ9/TMCO1/CACNA1E/SLC26A9/PACC1/TMEM63A/KCNK1/RYR2/KCNF1/FKBP1B/KCNK3/KCNG3/KCNK12/SLC1A4/CNGA3/TMEM37/KCNJ3/SCN1A/SCN9A/SCN7A/CHRNA1/TMBIM1/TRPM8/KCNH8/SCN11A/CACNA1D/HTR3E/CLCN2/KCNIP4/GABRA2/GABRA4/GABRB1/CNGA1/HCN1/TRPC7/NMUR2/GRIA1/GABRB2/KCNIP1/GABRP/SLC17A3/KCNK5/TMEM63B/CLIC5/KCNQ5/HTR1B/GRIK2/TTYH3/CLDN4/TMEM120A/KCNB2/KCNV1/KCNQ3/KCNK9/KCNV2/SLC1A1/SLC24A2/TRPM6/GRIN3A/KCNT1/FXYD4/KCNIP2/CALHM3/KCNQ1/KCNJ11/ABCC8/ANO5/ANO3/P2RX3/ANO1/KCNE3/GRIA4/HTR3A/SCN4B/SCN2B/KCNA6/KCNA5/SCNN1A/GRIN2B/ABCC9/AQP6/ASIC1/BEST3/KCNMB4/SLC17A8/TRPV4/HVCN1/P2RX4/P2RX2/NALF1/PSEN1/TMEM63C/GABRB3/OCA2/CHRNA7/HCN4/CHRNA5/GRIN2A/SCNN1G/SCNN1B/CNGB1/PKD1L2/TRPV3/TRPV1/P2RX5/P2RX1/SLC6A4/CACNB1/KCNH4/TSPOAP1/SCN4A/CACNG5/CACNG4/OTOP2/OTOP3/MCOLN1/LRRC8E/BEST2/CACNA1A/FXYD3/FXYD1/KCNK6/RYR1/KCNN4/GRIN2D/KCNJ14/KCNA7/TRPM4/SLC17A7/CACNG8/TMC4/TMC2/SLC4A11/KCNS1/KCNG1/CHRNA4/KCNJ6/P2RX6/CLCN4/GLRA2/NALF2/GRIA3/GABRA3/GABRQ",154
"GO:1901681","sulfur compound binding","102/4676","275/18639",0.370909090909091,1.47848044171397,4.62588073054388,5.97109761791007e-06,0.000316468173749234,0.00026326013384227,"PLA2G2D/RCC1/RSPO1/PTPRF/MMACHC/ANGPTL3/COL11A1/GSTM2/REG4/ACBD6/LGR6/PRELP/RYR2/GREM2/APOB/ALK/METTL5/ACADL/SERPINE2/CLEC3B/LTF/TKT/CCDC80/PCOLCE2/LXN/LIPH/KNG1/FGFRL1/FGFBP1/CXCL8/CXCL6/PF4V1/PF4/CXCL10/CXCL11/CXCL13/ITGA2/FST/SLIT3/FGFR4/TNXB/MOCS1/CCN6/ENPP1/SMOC2/TMEM184A/OGDH/PPIA/TMEM120A/PTN/TPK1/AOC1/FGF20/GFRA2/SFRP1/TNFRSF11B/CCN4/ECM2/AMBP/CEL/SUV39H2/ACBD7/FGFR2/NAV2/F2/PC/GSTP1/ACAT1/SOAT2/ACACB/CTSG/BMP4/SMOC1/PGF/THBS1/LIPC/PCSK6/SULT1A1/ADGRG1/SETD6/P2RX1/CCL7/CCL23/LIPG/ELANE/PTPRS/COMP/PDCD5/APLP1/ZNF146/PRMT1/RSPO4/CCN5/BMP7/LOC102724560/LIPI/HLCS/ADA2/SERPIND1/PNPLA3/ANOS1/FTSJ1",102
"GO:0043177","organic acid binding","75/4676","189/18639",0.396825396825397,1.58178540877429,4.65203611570165,6.48412032084128e-06,0.000329236501418453,0.000273881712661138,"SESN2/COL11A1/GSTM2/CRABP2/SELE/EGLN1/RYR2/CAD/CYP26B1/FABP1/ACOXL/FTCDNL1/CPS1/UGT1A8/UGT1A9/UGT1A7/UGT1A1/PPARG/RBP2/RBP1/PLOD2/ADIPOQ/P3H2/FABP2/FABP6/PRR7/PPARD/CYP2W1/PPIA/GFRA2/PMP2/FABP4/FABP12/TNFRSF11B/SLC1A1/GRIN3A/AMBP/RXRA/PTGDS/AKR1C2/AKR1C3/AKR1C4/CYP26A1/FFAR4/STX3/PC/GSTP1/FOLR3/FOLR1/FOLR2/P4HA3/GRIN2B/VDR/NR1H4/ACACB/EGLN3/NOD2/OGFOD1/P2RX1/SLC46A1/ACOX1/TYMS/MAG/CD22/GRIN2D/SIGLEC11/SIGLEC10/SIGLEC8/SIGLEC6/HNF4A/PCK1/HLCS/SLC19A1/GPR143/GLRA2",75
"GO:0008509","monoatomic anion transmembrane transporter activity","62/4676","149/18639",0.416107382550336,1.65864531722748,4.67115010161458,6.84443480531797e-06,0.000329236501418453,0.000273881712661138,"GABRD/CLCNKA/CLCNKB/BEST4/MCOLN3/CLCA4/SLC26A9/PACC1/SLC5A6/SLC1A4/SLC4A3/SLC6A6/SLC12A8/CLCN2/GABRA2/GABRA4/GABRB1/SLC4A4/SLC6A18/SLC12A2/SLC4A9/SLC26A2/NMUR2/GABRB2/GABRP/SLC17A3/CLIC5/SLC25A27/TTYH3/CLDN4/SLC26A3/SLC13A1/SLC4A2/SLC39A14/SLC1A1/ANO5/ANO3/ANO1/SLC6A12/AQP6/SLC4A8/BEST3/SLC17A8/GABRB3/OCA2/SLC12A3/P2RX5/SLC6A4/SLC4A1/MCOLN1/LRRC8E/BEST2/FXYD3/FXYD1/SLC17A7/TMC4/SLC19A1/CLCN4/GLRA2/GABRA3/GABRQ/SLC6A8",62
"GO:0015294","solute:monoatomic cation symporter activity","51/4676","116/18639",0.439655172413793,1.75250914427303,4.7047077291948,6.92877978311694e-06,0.000329236501418453,0.000273881712661138,"SLC6A9/SLC5A6/SLC5A7/SLC20A1/SLC39A10/SLC6A6/SLC6A20/SLC38A3/SLC12A8/SLC4A4/SLC6A18/SLC45A2/SLC12A2/SLC23A1/SLC4A9/SLC6A7/SLC36A1/SLC17A4/SLC17A1/SLC17A3/SLC29A1/SLC17A5/SLC13A1/SLC39A14/SLC20A2/SLC1A1/SLC28A3/SLC34A3/SLC39A12/SLC25A22/SLC6A12/SLC2A13/SLC11A2/SLC4A8/SLC6A15/SLC17A8/SLC15A1/SLC10A2/SLC5A11/SLC5A2/SLC12A3/SLC13A5/SLC46A1/SLC13A2/SLC6A4/SLC16A3/SLC17A7/SLC32A1/SLC13A3/SLC25A18/SLC6A8",51
"GO:0008083","growth factor activity","66/4676","162/18639",0.407407407407407,1.62396635300827,4.61583722287457,8.20295346736792e-06,0.000376788995934433,0.000313439169332058,"BMP8A/BMP8B/ARTN/ANGPTL3/CSF1/NGF/LEFTY1/AGT/GDF7/EFEMP1/TGFA/REG1A/INHBB/CRIPTO/CXCL1/PPBP/EPGN/EREG/FGF5/BMP3/IL2/CSF2/NRG2/FGF18/BMP6/BMP5/CCN6/PDGFA/MACC1/INHBA/VGF/PTN/FGF20/BMP1/NRG1/GDF6/OGN/CXCL12/DKK1/FGF8/IGF2/F2/FGF19/FGF3/FGF23/INHBE/IGF1/BMP4/PGF/JAG2/OSGIN1/GRN/FGF22/AMH/GDF15/NTF4/IL11/BMP2/BMP7/ADA2/LIF/AMELX/VEGFD/TIMP1/CRIPTO3/FGF13",66
"GO:0004620","phospholipase activity","48/4676","109/18639",0.440366972477064,1.75534644995723,4.57687727823734,1.20869999413703e-05,0.000516882860072042,0.000429978943257546,"PLA2G2A/PLA2G5/PLA2G2D/PRDX6/CHRM3/PLB1/PLCD4/PLCL2/PLCD1/ABHD6/CASR/MGLL/PLD1/LIPH/EDNRA/F2RL2/PNPLA7/PLA2G12B/PLCE1/PNLIPRP2/PNPLA2/SMPD1/PLAAT4/PLAAT2/GDPD5/ABHD4/ABHD12B/BDKRB2/ASPG/CHRM5/PLA2G4E/PLA2G4D/PLA2G4F/LIPC/PLA2G10/GDPD3/SMPD3/PLCG2/CCL5/PLCD3/NOTUM/ABHD3/LIPG/PLCB1/PLCB4/LIPI/PLA2G3/PNPLA3",48
"GO:0008009","chemokine activity","25/4676","45/18639",0.555555555555556,2.214499572284,4.72024722621156,1.23727771970402e-05,0.000516882860072042,0.000429978943257546,"XCL2/CXCL8/CXCL6/PF4V1/PF4/PPBP/CXCL5/CXCL3/CXCL9/CXCL10/CXCL11/CXCL13/CCL28/CCL26/CCL24/CCL19/CCL21/C5/CXCL12/GPR15LG/CCL7/CCL5/CCL16/CCL23/CCL25",25
"GO:0015108","chloride transmembrane transporter activity","52/4676","121/18639",0.429752066115702,1.7130343798825,4.55358713736122,1.24742865049388e-05,0.000516882860072042,0.000429978943257546,"GABRD/CLCNKA/CLCNKB/BEST4/CLCA4/SLC26A9/PACC1/SLC1A4/SLC4A3/SLC6A6/SLC12A8/CLCN2/GABRA2/GABRA4/GABRB1/SLC6A18/SLC12A2/SLC4A9/SLC26A2/NMUR2/GABRB2/GABRP/CLIC5/SLC25A27/TTYH3/CLDN4/SLC26A3/SLC4A2/SLC1A1/ANO5/ANO3/ANO1/SLC6A12/AQP6/SLC4A8/BEST3/SLC17A8/GABRB3/OCA2/SLC12A3/SLC6A4/SLC4A1/BEST2/FXYD3/FXYD1/SLC17A7/TMC4/CLCN4/GLRA2/GABRA3/GABRQ/SLC6A8",52
"GO:0045236","CXCR chemokine receptor binding","13/4676","17/18639",0.764705882352941,3.04819352890857,4.88911018686002,1.27532781149851e-05,0.000516882860072042,0.000429978943257546,"YARS1/CXCL8/CXCL6/PF4V1/PF4/PPBP/CXCL5/CXCL9/CXCL10/CXCL11/CXCL13/CCL28/CXCL12",13
"GO:0031406","carboxylic acid binding","73/4676","187/18639",0.390374331550802,1.55607082244983,4.42259045298056,1.66948054254266e-05,0.000657298339321082,0.000546786258895927,"SESN2/COL11A1/GSTM2/CRABP2/SELE/EGLN1/CAD/CYP26B1/FABP1/ACOXL/FTCDNL1/CPS1/UGT1A8/UGT1A9/UGT1A7/UGT1A1/PPARG/RBP2/RBP1/PLOD2/ADIPOQ/P3H2/FABP2/FABP6/PRR7/PPARD/CYP2W1/PPIA/GFRA2/PMP2/FABP4/FABP12/TNFRSF11B/SLC1A1/GRIN3A/AMBP/RXRA/PTGDS/AKR1C2/AKR1C3/AKR1C4/CYP26A1/FFAR4/STX3/PC/GSTP1/FOLR3/FOLR1/FOLR2/P4HA3/GRIN2B/VDR/NR1H4/ACACB/EGLN3/NOD2/OGFOD1/SLC46A1/ACOX1/TYMS/MAG/CD22/GRIN2D/SIGLEC11/SIGLEC10/SIGLEC8/SIGLEC6/HNF4A/PCK1/HLCS/SLC19A1/GPR143/GLRA2",73
"GO:0005319","lipid transporter activity","70/4676","178/18639",0.393258426966292,1.56756711296508,4.40298442044098,1.85017042968216e-05,0.000708204125583895,0.000589133215767215,"CPTP/ABCA4/ABCD3/APOB/MFSD2B/ABCG5/ABCG8/FABP1/ABCB11/ABCA12/ATG9A/CIDEC/RFT1/GRAMD1C/SLCO2A1/PLSCR4/APOD/SLC51A/ATP8A1/ABCG2/MTTP/FABP2/PRELID2/SLC22A2/OSBPL3/ABCA13/CD36/ABCB1/ATG9B/XKR4/TTPA/FABP4/AKR1C4/RBP4/ANO3/SLC22A11/SLCO2B1/C2CD2L/SLCO1C1/SLCO1B3/SLCO1B3-SLCO1B7/SLCO1B1/SLCO1A2/ABCD2/GLTP/TRIAP1/SLC10A2/ATP11A/TMEM30B/TNFAIP8L3/SLC51B/STRA6/ABCC1/CLN3/SPNS2/ABCC3/ABCA8/ABCA9/ABCA6/ABCA10/ABCA5/CIDEA/PRELID3A/OSBPL1A/ATP8B1/GRAMD1A/CEACAM1/SLC27A5/SLCO4A1/ABCG1",70
"GO:0033293","monocarboxylic acid binding","37/4676","79/18639",0.468354430379747,1.86690723435588,4.46832468258527,2.2508908529989e-05,0.000838304755522294,0.000697359925722846,"GSTM2/CRABP2/CYP26B1/FABP1/ACOXL/UGT1A8/UGT1A9/UGT1A7/UGT1A1/PPARG/RBP2/RBP1/FABP2/FABP6/PRR7/PPARD/CYP2W1/PMP2/FABP4/FABP12/RXRA/PTGDS/AKR1C2/AKR1C3/AKR1C4/CYP26A1/FFAR4/STX3/PC/GSTP1/VDR/NR1H4/ACACB/NOD2/ACOX1/HNF4A/HLCS",37
"GO:0004629","phospholipase C activity","18/4676","29/18639",0.620689655172414,2.47413055662075,4.59736829975867,2.7101392468761e-05,0.000982782074261912,0.000817546160622735,"CHRM3/PLCD4/PLCL2/PLCD1/CASR/EDNRA/F2RL2/PLCE1/SMPD1/GDPD5/BDKRB2/CHRM5/PLCG2/CCL5/PLCD3/NOTUM/PLCB1/PLCB4",18
"GO:0016887","ATP hydrolysis activity","141/4676","417/18639",0.338129496402878,1.3478177252894,4.15689689586625,3.45658312344381e-05,0.00122132603695015,0.00101598354154664,"ATAD3C/ATAD3A/KIF2C/RAD54L/ORC1/ABCA4/ABCD3/DDX20/ATP1A1/CCT3/ATP1A2/ATP1A4/HSPA6/HSPA7/KIF14/ABCG5/ABCG8/MSH2/CCT4/CCT7/DQX1/DNAH6/DDX18/MCM6/ABCB11/OLA1/DNAH7/HSPD1/ABCA12/ABCB6/KIF1A/KIF15/KIF9/DNAH12/POLQ/MCM2/RUVBL1/SMC4/RFC4/ATP13A5/ATP13A4/HSP90AB2P/ATP8A1/HSP90AB3P/ABCG2/AFG2A/ABCE1/DDX60/DDX60L/TRIP13/DNAH5/KIF20A/HSPA1A/KIFC1/HSP90AB1/MCM3/MDN1/ASCC3/SMPDL3A/ABCB5/DNAH11/ABCA13/FIGNL1/CCT6A/RFC2/ABCB1/MCM7/KIF13B/MCM4/ATAD2/RECQL4/RIGI/SMC2/KIF12/DDX31/MYO3A/DNA2/DDX21/KIF20B/ABCC2/TWNK/ABCC8/NAV2/KIF18A/CLPB/DDX10/ABCC9/DDX11/ABCD2/HELB/CCT2/ATP2B1/RFC5/DDX55/DNAH10/DDX51/ATP12A/RFC3/ATP11A/FANCM/HSP90AA1/RAD51/MYO1E/PIF1/KIF23/BLM/CHTF18/TRAP1/ABCC1/DDX28/ATP2A3/DNAH2/MYH4/DNAH9/ATAD5/CDC6/KIF18B/ABCC3/BRIP1/ABCA8/ABCA9/ABCA6/ABCA10/ABCA5/RECQL5/SMCHD1/ATP8B1/VPS4B/ERCC2/DHX34/RUVBL2/MCM8/KIF16B/CHD6/DDX27/CCT8/ABCG1/MCM5/SMC1B/ERCC6L/MORC4",141
"GO:0008201","heparin binding","67/4676","172/18639",0.38953488372093,1.55272470010146,4.21427097964381,3.93366187824688e-05,0.00135514651705605,0.00112730468037128,"PLA2G2D/RSPO1/PTPRF/ANGPTL3/COL11A1/REG4/LGR6/PRELP/GREM2/APOB/ALK/SERPINE2/CLEC3B/LTF/CCDC80/PCOLCE2/LXN/LIPH/KNG1/FGFRL1/FGFBP1/CXCL8/CXCL6/PF4V1/PF4/CXCL10/CXCL11/CXCL13/SLIT3/FGFR4/TNXB/CCN6/SMOC2/TMEM184A/PTN/AOC1/SFRP1/CCN4/ECM2/CEL/FGFR2/NAV2/F2/CTSG/BMP4/SMOC1/PGF/THBS1/LIPC/PCSK6/ADGRG1/CCL7/CCL23/LIPG/ELANE/PTPRS/COMP/PDCD5/APLP1/ZNF146/RSPO4/CCN5/BMP7/LIPI/ADA2/SERPIND1/ANOS1",67
"GO:0015101","organic cation transmembrane transporter activity","37/4676","81/18639",0.45679012345679,1.82081075943351,4.28417794225691,4.4527268735731e-05,0.00149655064189847,0.00124493441985138,"SLC6A9/SLC44A5/SLC22A15/SLC1A4/SLC5A7/SLC6A6/SLC6A20/SLC25A20/SLC38A3/SLC22A4/SLC22A5/SLC6A7/SLC36A1/SFXN1/SLC44A4/RHAG/SLC16A10/SLC22A2/SLC22A3/SLC29A4/SLC1A1/SLC18A3/SLC16A9/SLC43A1/SLCO1A2/SLC7A1/SLC25A15/FLVCR2/SLC25A29/AQP8/SLC7A5/SLC47A2/SLC25A19/MFSD12/SLC7A10/SLC32A1/SLC38A5",37
"GO:0001664","G protein-coupled receptor binding","105/4676","297/18639",0.353535353535354,1.40922700054437,4.11402282150055,4.61365905326488e-05,0.00151371956557119,0.00125921671904898,"YARS1/RSPO1/EDN2/INSL5/XCL2/MYOC/DNM3/KISS1/WNT9A/AGT/POMC/UCN/GCG/WNT7A/PDCD6IP/CX3CR1/CCR2/UCN2/WNT5A/AGTR1/P2RY1/UTS2B/ADRA2C/NMU/CXCL8/CXCL6/PF4V1/PF4/PPBP/CXCL5/CXCL3/CXCL9/CXCL10/CXCL11/CXCL13/IL2/APELA/CCL28/HOMER1/GRIA1/HSPA1A/VIP/NPY/CCL26/CCL24/FZD1/TAC1/WNT2/DEFB1/DEFB4A/PNOC/SFRP1/CTHRC1/CCL19/CCL21/C5/UCN3/CXCL12/GPR15LG/WNT8B/ADRA2A/ADRB1/TUB/ADM/CALCA/GAL/P2RY2/ARRB1/ZBTB16/BICD1/WNT10B/WNT1/BDKRB2/HBA2/HBA1/NPW/RPGRIP1L/GNAO1/C1QBP/CCL7/CCL5/CCL16/CCL23/HCRT/PPY/PYY/RNF43/GNA13/NHERF1/GNAL/PALM/GNA11/C3/CCL25/INSL3/APLP1/ASIP/EDN3/ADA2/ADORA2A/ZNRF3/WNT7B/NDP/ARR3/APLN",105
"GO:0008081","phosphoric diester hydrolase activity","39/4676","87/18639",0.448275862068966,1.78687206867054,4.25712031108061,4.73005938378055e-05,0.00151581903043014,0.00126096319925019,"CHRM3/PLCD4/PLCL2/PLCD1/CASR/PLD1/PDE6B/EDNRA/ENPP6/F2RL2/PDE6A/TDP2/SMPDL3A/ENPP3/ENPP1/PDE10A/PLCE1/SMPD1/GDPD5/PDE3A/APEX1/TDP1/BDKRB2/CHRM5/PDE8A/GDPD3/SMPD3/PLCG2/CCL5/PLCD3/PDE6G/NOTUM/MPPE1/PDE4C/GPCPD1/PLCB1/PLCB4/PDE9A/GDPD2",39
"GO:0009378","four-way junction helicase activity","25/4676","48/18639",0.520833333333333,2.07609334901625,4.31983069797449,5.3564384760421e-05,0.00167753914090591,0.00139549318191623,"RAD54L/DQX1/MCM6/MCM2/RUVBL1/MCM3/ASCC3/MCM7/MCM4/RECQL4/TWNK/NAV2/DDX11/HELB/GTF2F2/FANCM/PIF1/BLM/RECQL5/ERCC2/RUVBL2/MCM8/CHD6/MCM5/ERCC6L",25
"GO:0099094","ligand-gated monoatomic cation channel activity","55/4676","136/18639",0.404411764705882,1.61202542394203,4.14538984436467,5.69782216709716e-05,0.00174479976583553,0.0014514452257237,"GRIK3/MCOLN2/MCOLN3/KCNJ10/KCNJ9/TMEM63A/KCNK1/RYR2/FKBP1B/CNGA3/KCNJ3/CHRNA1/TRPM8/HTR3E/CNGA1/HCN1/GRIA1/TMEM63B/GRIK2/KCNT1/KCNJ11/ABCC8/P2RX3/ANO1/HTR3A/SCNN1A/GRIN2B/ABCC9/ASIC1/KCNMB4/P2RX4/P2RX2/TMEM63C/CHRNA7/HCN4/CHRNA5/GRIN2A/SCNN1G/SCNN1B/CNGB1/TRPV1/P2RX5/P2RX1/MCOLN1/BEST2/KCNK6/RYR1/KCNN4/GRIN2D/KCNJ14/TRPM4/CHRNA4/KCNJ6/P2RX6/GRIA3",55
"GO:0015370","solute:sodium symporter activity","36/4676","79/18639",0.455696202531646,1.81645028207599,4.20825297439636,5.97695905966149e-05,0.00179048904004642,0.0014894527267669,"SLC6A9/SLC5A6/SLC5A7/SLC20A1/SLC6A6/SLC6A20/SLC38A3/SLC4A4/SLC6A18/SLC12A2/SLC23A1/SLC4A9/SLC6A7/SLC17A4/SLC17A1/SLC17A3/SLC29A1/SLC13A1/SLC20A2/SLC1A1/SLC28A3/SLC34A3/SLC6A12/SLC4A8/SLC6A15/SLC17A8/SLC10A2/SLC5A11/SLC5A2/SLC12A3/SLC13A5/SLC13A2/SLC6A4/SLC17A7/SLC13A3/SLC6A8",36
"GO:0005272","sodium channel activity","26/4676","51/18639",0.509803921568627,2.03212901927238,4.27120366884938,6.15000566062223e-05,0.00180312931922073,0.00149996778598379,"GRIK3/MCOLN3/KCNK1/KCNK3/CNGA3/SCN1A/SCN9A/SCN7A/SCN11A/CNGA1/HCN1/GRIK2/KCNK9/SCN4B/SCN2B/SCNN1A/ASIC1/HCN4/SCNN1G/SCNN1B/CNGB1/TRPV3/SCN4A/MCOLN1/TRPM4/SLC4A11",26
"GO:0004435","phosphatidylinositol phospholipase C activity","16/4676","26/18639",0.615384615384615,2.4529841416069,4.29029243441159,8.88210193623986e-05,0.00254990343086219,0.00212118618608886,"CHRM3/PLCD4/PLCL2/PLCD1/CASR/EDNRA/F2RL2/PLCE1/GDPD5/BDKRB2/CHRM5/PLCG2/CCL5/PLCD3/PLCB1/PLCB4",16
"GO:0042277","peptide binding","89/4676","249/18639",0.357429718875502,1.4247503272285,3.90472152919459,0.000108264440684871,0.00304466120946433,0.00253275995501234,"CLSTN1/FBXO2/C1QA/EPHB2/OPRD1/LRP8/GPR37L1/TOMM20/FZD5/ITM2C/NMUR1/PPARG/TMEM158/MME/BCHE/NPY1R/NPY5R/ITGA2/CRHBP/LVRN/NMUR2/GRIA1/CLTB/HLA-G/HLA-H/HLA-A/HLA-E/HLA-C/HLA-B/HLA-DRB5/HLA-DRB1/HLA-DQB1/HLA-DMB/HSP90AB1/ADCYAP1R1/TRGV9/TRGV3/CD36/KPNA7/ACHE/TRBV7-9/CLU/OPRK1/APBA1/PCSK5/RXRA/NPY4R/NPY4R2/KCNIP2/LDLRAD3/PTGDR2/OMP/GRIA4/CRYAB/SORL1/GRIN2B/TRHDE/ITM2B/IPO5/TRAV12-1/TRAV8-4/TRAV19/TRAV29DV5/IPO4/CMA1/SSTR1/BDKRB1/NPAP1/CHRNA7/B2M/CEMIP/ANPEP/SSTR5/GRIN2A/SLC7A5/TUBB3/NGFR/KPNA2/SSTR2/GALR1/INSR/CD209/CLEC4M/CACNA1A/PFDN4/SSTR3/GRPR/ITM2A/GRIA3",89
"GO:0061749","forked DNA-dependent helicase activity","24/4676","47/18639",0.51063829787234,2.03545492601423,4.11305586301526,0.000113226495919772,0.0031120415077883,0.00258881155143339,"RAD54L/DQX1/MCM6/MCM2/RUVBL1/MCM3/ASCC3/MCM7/MCM4/RECQL4/TWNK/NAV2/DDX11/HELB/GTF2F2/PIF1/BLM/RECQL5/ERCC2/RUVBL2/MCM8/CHD6/MCM5/ERCC6L",24
"GO:0070696","transmembrane receptor protein serine/threonine kinase binding","15/4676","24/18639",0.625,2.4913120188195,4.23048495078523,0.000115274135000918,0.0031120415077883,0.00258881155143339,"CFC1/CFC1B/CRIPTO/BMP3/BMP6/SCUBE3/BMP5/INHBA/BMP4/SMAD6/NEO1/SMAD7/BMP2/BMP7/CRIPTO3",15
"GO:0004896","cytokine receptor activity","41/4676","96/18639",0.427083333333333,1.70239654619333,3.99278128008297,0.000117435528595785,0.0031120415077883,0.00258881155143339,"IL22RA1/IFNLR1/IL23R/IL6R/IL1R2/IL1RL2/IL18RAP/IL17RE/CX3CR1/CCR8/ACKR2/CCR9/CCR3/CCR2/IL17RB/LIFR/GHR/GFRA3/IL20RA/IL22RA2/GFRA2/CNTFR/GFRA1/CD44/IL10RA/CXCR5/CMKLR1/FLT3/IL4R/IL21R/CCR7/CCR10/EBI3/CRLF1/IL10RB/IFNGR2/CSF2RB/IL2RB/IL17REL/IL2RG/IL13RA2",41
"GO:0005261","monoatomic cation channel activity","116/4676","341/18639",0.340175953079179,1.35597510467126,3.83921594109685,0.000124102884066205,0.00315723843002979,0.00262640948002631,"GRIK3/MCOLN2/MCOLN3/KCNA3/KCNJ10/KCNJ9/TMCO1/CACNA1E/TMEM63A/KCNK1/RYR2/KCNF1/FKBP1B/KCNK3/KCNG3/KCNK12/CNGA3/TMEM37/KCNJ3/SCN1A/SCN9A/SCN7A/CHRNA1/TMBIM1/TRPM8/KCNH8/SCN11A/CACNA1D/HTR3E/KCNIP4/CNGA1/HCN1/TRPC7/GRIA1/KCNIP1/KCNK5/TMEM63B/KCNQ5/HTR1B/GRIK2/KCNB2/KCNV1/KCNQ3/KCNK9/KCNV2/SLC24A2/TRPM6/GRIN3A/KCNT1/FXYD4/KCNIP2/CALHM3/KCNQ1/KCNJ11/ABCC8/P2RX3/ANO1/KCNE3/HTR3A/SCN4B/SCN2B/KCNA6/KCNA5/SCNN1A/GRIN2B/ABCC9/ASIC1/KCNMB4/TRPV4/HVCN1/P2RX4/P2RX2/NALF1/PSEN1/TMEM63C/CHRNA7/HCN4/CHRNA5/GRIN2A/SCNN1G/SCNN1B/CNGB1/PKD1L2/TRPV3/TRPV1/P2RX5/P2RX1/SLC6A4/CACNB1/KCNH4/TSPOAP1/SCN4A/CACNG5/CACNG4/OTOP2/OTOP3/MCOLN1/BEST2/CACNA1A/KCNK6/RYR1/KCNN4/GRIN2D/KCNJ14/KCNA7/TRPM4/CACNG8/TMC2/SLC4A11/KCNS1/KCNG1/CHRNA4/KCNJ6/P2RX6/NALF2/GRIA3",116
"GO:0016810","hydrolase activity, acting on carbon-nitrogen (but not peptide) bonds","52/4676","130/18639",0.4,1.59443969204448,3.93582277872282,0.000125053623997957,0.00315723843002979,0.00262640948002631,"AGMAT/PADI2/PADI1/PADI3/PADI4/CDA/AMPD2/DCLRE1B/AMPD1/CD101/PGLYRP3/PGLYRP4/NIT1/PM20D1/DPYSL5/CAD/MTHFD2/DARS1/ATIC/BTD/NIT2/MTHFD2L/NAAA/MBLAC2/HDAC2/ARG1/VNN1/ADAT2/HDAC9/NTAQ1/ACER2/GDA/ASAH2B/AICDA/GLS2/AMDHD1/MTHFD1/ASPG/PDF/DHODH/DPEP1/ASPA/SIRT7/SIRT6/PGLYRP2/ZBP1/ADA2/APOBEC3A/APOBEC3B/APOBEC3C/APOBEC3D/HDAC8",52
"GO:0099604","ligand-gated calcium channel activity","17/4676","29/18639",0.586206896551724,2.33667885903071,4.16869793917876,0.000126014596263888,0.00315723843002979,0.00262640948002631,"GRIK3/MCOLN2/MCOLN3/RYR2/FKBP1B/TRPM8/GRIA1/GRIK2/GRIN2B/P2RX4/GRIN2A/TRPV1/P2RX1/MCOLN1/RYR1/GRIN2D/GRIA3",17
"GO:0015651","quaternary ammonium group transmembrane transporter activity","10/4676","13/18639",0.769230769230769,3.06623017700862,4.31258941730686,0.000129433674975435,0.00318499293064553,0.0026494975948919,"SLC22A15/SLC6A20/SLC25A20/SLC22A4/SLC22A5/SLC44A4/SLC22A2/SLC22A3/SLC16A9/SLC25A19",10
"GO:0008028","monocarboxylic acid transmembrane transporter activity","32/4676","70/18639",0.457142857142857,1.82221679090798,3.98830753779195,0.000139909844399111,0.00338238185231536,0.00281369936381592,"ABCD3/SLC5A6/SLC1A4/FABP1/ABCB11/SLC6A6/SLC7A14/SLC51A/ABCG2/FABP2/MPC1/CD36/FABP4/AKR1C4/SLC16A9/SLCO2B1/SLC6A12/SLCO1C1/SLCO1B3/SLCO1B3-SLCO1B7/SLCO1B1/SLCO1A2/ABCD2/SLC10A2/SLC51B/ABCC3/NHERF1/SLC16A3/CEACAM1/SLC27A5/SLC32A1/SLC6A8",32
"GO:0019842","vitamin binding","58/4676","150/18639",0.386666666666667,1.54129170230967,3.85183631970383,0.000158715642559123,0.00377086474907709,0.00313686632934455,"MMACHC/ABCA4/CRABP2/MTARC2/EGLN1/OPN3/KYNU/GAD1/FTCDNL1/SCLY/AGXT/TKT/RBP2/RBP1/PLOD2/P3H2/ADH4/AADAT/PHYKPL/LMBRD1/CYP2W1/NPC1L1/OGDH/TPK1/TTPA/CALB1/GPT/PSAT1/KYAT1/C8G/RBP3/OPN4/RBP4/CBLIF/TCN1/PYGM/PC/FOLR3/FOLR1/FOLR2/P4HA3/VDR/SHMT2/ACACB/EGLN3/STRA6/ABAT/GPT2/IRX5/OGFOD1/TAT/SLC46A1/TYMS/LOC102724560/HLCS/SLC19A1/TCN2/GCAT",58
"GO:0036121","double-stranded DNA helicase activity","24/4676","48/18639",0.5,1.9930496150556,3.98646289901393,0.000172888607079123,0.00397067500925052,0.00330308233524851,"RAD54L/DQX1/MCM6/MCM2/RUVBL1/MCM3/ASCC3/MCM7/MCM4/RECQL4/TWNK/NAV2/DDX11/HELB/GTF2F2/PIF1/BLM/RECQL5/ERCC2/RUVBL2/MCM8/CHD6/MCM5/ERCC6L",24
"GO:0043138","3'-5' DNA helicase activity","24/4676","48/18639",0.5,1.9930496150556,3.98646289901393,0.000172888607079123,0.00397067500925052,0.00330308233524851,"RAD54L/DQX1/MCM6/MCM2/RUVBL1/MCM3/ASCC3/MCM7/MCM4/TWNK/NAV2/DDX11/HELB/GTF2F2/FANCM/PIF1/BLM/RECQL5/ERCC2/RUVBL2/MCM8/CHD6/MCM5/ERCC6L",24
"GO:0005244","voltage-gated monoatomic ion channel activity","65/4676","173/18639",0.375722543352601,1.49766734079323,3.8056015313998,0.000176758455686544,0.00399300249075504,0.00332165587994213,"CLCNKA/CLCNKB/KCNA3/KCNJ10/KCNJ9/CACNA1E/KCNK1/KCNF1/KCNK3/KCNG3/KCNK12/TMEM37/KCNJ3/SCN1A/KCNH8/CACNA1D/CLCN2/HCN1/SLC17A3/KCNK5/KCNQ5/HTR1B/KCNB2/KCNV1/KCNQ3/KCNK9/KCNV2/GRIN3A/KCNT1/KCNIP2/CALHM3/KCNQ1/KCNJ11/ABCC8/ANO1/KCNE3/SCN2B/KCNA6/KCNA5/GRIN2B/ABCC9/KCNMB4/HVCN1/HCN4/GRIN2A/TRPV1/P2RX5/CACNB1/KCNH4/TSPOAP1/CACNG5/CACNG4/CACNA1A/KCNK6/RYR1/GRIN2D/KCNJ14/KCNA7/CACNG8/TMC4/TMC2/KCNS1/KCNG1/KCNJ6/CLCN4",65
"GO:0042626","ATPase-coupled transmembrane transporter activity","41/4676","98/18639",0.418367346938776,1.66765375953632,3.83482275459756,0.000201982908174775,0.00448923302362645,0.00373445478781544,"ABCA4/ABCD3/ATP1A1/ATP1A2/ATP1A4/TOMM20/ATP6V1C2/ABCG5/ABCG8/ATP6V1E2/ATP6V1B1/ABCB11/ABCA12/ABCB6/ATP13A5/ATP13A4/ATP8A1/ABCG2/ABCB5/ABCA13/ABCB1/ATP6V0A4/ATP6V0D2/ABCC2/KCNJ11/ABCC8/ABCC9/ABCD2/ATP2B1/ATP12A/ABCC1/ATP6V0D1/ATP2A3/ABCC3/ABCA8/ABCA9/ABCA6/ABCA10/ABCA5/TMEM94/ABCG1",41
"GO:0033612","receptor serine/threonine kinase binding","17/4676","30/18639",0.566666666666667,2.25878956372968,3.9930043102491,0.000222980445081642,0.0048772548146429,0.00405723817366597,"OPRD1/CFC1/CFC1B/CRIPTO/BMP3/BMP6/SCUBE3/BMP5/INHBA/OPRK1/BMP4/SMAD6/NEO1/SMAD7/BMP2/BMP7/CRIPTO3",17
"GO:0005501","retinoid binding","20/4676","38/18639",0.526315789473684,2.09794696321642,3.9206001275659,0.000246265338098836,0.00522082516769532,0.00434304377635032,"ABCA4/CRABP2/OPN3/CYP26B1/UGT1A8/UGT1A9/UGT1A7/UGT1A1/RBP2/RBP1/ADH4/CYP2W1/RXRA/C8G/PTGDS/RBP3/OPN4/CYP26A1/RBP4/STRA6",20
"GO:0019840","isoprenoid binding","20/4676","38/18639",0.526315789473684,2.09794696321642,3.9206001275659,0.000246265338098836,0.00522082516769532,0.00434304377635032,"ABCA4/CRABP2/OPN3/CYP26B1/UGT1A8/UGT1A9/UGT1A7/UGT1A1/RBP2/RBP1/ADH4/CYP2W1/RXRA/C8G/PTGDS/RBP3/OPN4/CYP26A1/RBP4/STRA6",20
"GO:0016298","lipase activity","51/4676","130/18639",0.392307692307692,1.5637773902744,3.73280574037582,0.0002542832160842,0.00522675120368981,0.0043479734633093,"PLA2G2A/PLA2G5/PLA2G2D/PRDX6/CHRM3/PLB1/PLCD4/PLCL2/PLCD1/ABHD6/CASR/MGLL/AADAC/PLD1/LIPH/EDNRA/F2RL2/CEL/PNPLA7/PLA2G12B/LIPM/PLCE1/PNLIPRP2/PNPLA2/SMPD1/PLAAT4/PLAAT2/GDPD5/ABHD4/ABHD12B/BDKRB2/ASPG/CHRM5/PLA2G4E/PLA2G4D/PLA2G4F/LIPC/PLA2G10/GDPD3/SMPD3/PLCG2/CCL5/PLCD3/NOTUM/ABHD3/LIPG/PLCB1/PLCB4/LIPI/PLA2G3/PNPLA3",51
"GO:0015171","amino acid transmembrane transporter activity","42/4676","102/18639",0.411764705882353,1.64133497710461,3.7584850140069,0.000257571715086321,0.00522675120368981,0.0043479734633093,"GRIK3/SLC6A9/SLC1A4/SLC6A6/SLC6A20/SLC38A3/SLC7A14/SLC7A11/SLC6A19/SLC6A18/SLC22A4/SLC6A7/SLC36A1/GRIA1/SFXN1/GRIK2/SLC16A10/SLC22A2/SLC1A1/GRIN3A/SLC25A22/SLC43A1/GRIA4/SLC6A12/GRIN2B/SLC6A15/SLC17A8/SLC7A1/SLC25A15/SLC25A29/GRIN2A/SLC7A5/NHERF1/MFSD12/SLC7A10/GRIN2D/SLC17A7/SLC32A1/SLC25A18/SLC38A5/GRIA3/SLC6A8",42
"GO:0022832","voltage-gated channel activity","65/4676","175/18639",0.371428571428571,1.48055114261273,3.69609630618641,0.000257923862010818,0.00522675120368981,0.0043479734633093,"CLCNKA/CLCNKB/KCNA3/KCNJ10/KCNJ9/CACNA1E/KCNK1/KCNF1/KCNK3/KCNG3/KCNK12/TMEM37/KCNJ3/SCN1A/KCNH8/CACNA1D/CLCN2/HCN1/SLC17A3/KCNK5/KCNQ5/HTR1B/KCNB2/KCNV1/KCNQ3/KCNK9/KCNV2/GRIN3A/KCNT1/KCNIP2/CALHM3/KCNQ1/KCNJ11/ABCC8/ANO1/KCNE3/SCN2B/KCNA6/KCNA5/GRIN2B/ABCC9/KCNMB4/HVCN1/HCN4/GRIN2A/TRPV1/P2RX5/CACNB1/KCNH4/TSPOAP1/CACNG5/CACNG4/CACNA1A/KCNK6/RYR1/GRIN2D/KCNJ14/KCNA7/CACNG8/TMC4/TMC2/KCNS1/KCNG1/KCNJ6/CLCN4",65
"GO:0015079","potassium ion transmembrane transporter activity","60/4676","160/18639",0.375,1.4947872112917,3.63736396918536,0.00032549454287489,0.00650045623306665,0.00540752947659428,"SLC9A1/GRIK3/MCOLN3/KCNA3/ATP1A1/KCNJ10/KCNJ9/ATP1A2/ATP1A4/KCNK1/KCNF1/KCNK3/KCNG3/KCNK12/SLC9A4/SLC9A2/KCNJ3/KCNH8/SLC12A8/SLC9A9/KCNIP4/SLC9A3/HCN1/SLC12A2/KCNIP1/KCNK5/KCNQ5/GRIK2/KCNB2/KCNV1/KCNQ3/KCNK9/KCNV2/SLC24A2/KCNT1/FXYD4/KCNIP2/KCNQ1/KCNJ11/ABCC8/KCNE3/SCN2B/KCNA6/KCNA5/ABCC9/KCNMB4/ATP12A/HCN4/SLC12A3/KCNH4/MCOLN1/KCNK6/KCNN4/KCNJ14/KCNA7/SLC17A7/KCNS1/KCNG1/KCNJ6/SLC9A7",60
"GO:0140359","ABC-type transporter activity","23/4676","47/18639",0.48936170212766,1.95064430409697,3.77616932458765,0.000351618494775274,0.00680667713071623,0.00566226521682834,"ABCA4/ABCD3/ABCG5/ABCG8/ABCB11/ABCA12/ABCB6/ABCG2/ABCB5/ABCA13/ABCB1/ABCC2/ABCC8/ABCC9/ABCD2/ABCC1/ABCC3/ABCA8/ABCA9/ABCA6/ABCA10/ABCA5/ABCG1",23
"GO:1990518","single-stranded 3'-5' DNA helicase activity","23/4676","47/18639",0.48936170212766,1.95064430409697,3.77616932458765,0.000351618494775274,0.00680667713071623,0.00566226521682834,"RAD54L/DQX1/MCM6/MCM2/RUVBL1/MCM3/ASCC3/MCM7/MCM4/TWNK/NAV2/DDX11/HELB/GTF2F2/PIF1/BLM/RECQL5/ERCC2/RUVBL2/MCM8/CHD6/MCM5/ERCC6L",23
"GO:0005506","iron ion binding","58/4676","154/18639",0.376623376623377,1.50125815160032,3.6145947810651,0.000356315528061939,0.00680667713071623,0.00566226521682834,"CYP4B1/CYP4X1/CYP4Z1/EGLN1/RRM2/XDH/CYP26B1/AOX1/CYP27A1/CYP8B1/LTF/TF/PLOD2/P3H2/PPEF2/ABCE1/CDO1/FAXDC2/CYP39A1/CYP2W1/CYP3A5/CYP3A4/FXN/LCN2/CYP26A1/CYP2C18/CYP2C9/CYP2C8/SCD/TH/TPH1/BBOX1/FTH1/P4HA3/CYP27B1/PAH/ALKBH2/EGLN3/CYP19A1/CYP11A1/HBA2/HBA1/HBQ1/OGFOD1/ALOX15/ALOX12/ALOXE3/CYP4F22/CYP4F8/CYP4F12/CYP2B6/CYP2F1/ETHE1/PTGIS/CYP24A1/ACO2/MIOX/PPEF1",58
"GO:0005230","extracellular ligand-gated monoatomic ion channel activity","32/4676","73/18639",0.438356164383562,1.74733116936382,3.70222568016999,0.000360585943789757,0.00680667713071623,0.00566226521682834,"GABRD/GRIK3/CHRNA1/HTR3E/GABRA2/GABRA4/GABRB1/GRIA1/GABRB2/GABRP/GRIK2/GRIN3A/P2RX3/GRIA4/HTR3A/GRIN2B/P2RX4/P2RX2/GABRB3/CHRNA7/CHRNA5/GRIN2A/TRPV1/P2RX5/P2RX1/GRIN2D/CHRNA4/P2RX6/GLRA2/GRIA3/GABRA3/GABRQ",32
"GO:0015125","bile acid transmembrane transporter activity","13/4676","21/18639",0.619047619047619,2.46758523768789,3.89398258493322,0.000382567567056915,0.00712402847843822,0.00592626003591721,"ABCB11/SLC51A/AKR1C4/SLCO2B1/SLCO1C1/SLCO1B3/SLCO1B3-SLCO1B7/SLCO1B1/SLCO1A2/SLC10A2/SLC51B/ABCC3/CEACAM1",13
"GO:0005254","chloride channel activity","35/4676","83/18639",0.421686746987952,1.68088521751677,3.59764499023037,0.000479179235478671,0.00880411981986145,0.00732387631489506,"GABRD/CLCNKA/CLCNKB/BEST4/CLCA4/SLC26A9/PACC1/SLC1A4/CLCN2/GABRA2/GABRA4/GABRB1/NMUR2/GABRB2/GABRP/CLIC5/TTYH3/CLDN4/ANO5/ANO3/ANO1/AQP6/BEST3/SLC17A8/GABRB3/OCA2/BEST2/FXYD3/FXYD1/SLC17A7/TMC4/CLCN4/GLRA2/GABRA3/GABRQ",35
"GO:0042834","peptidoglycan binding","12/4676","19/18639",0.631578947368421,2.51753635585971,3.82977802105113,0.000497969210383854,0.00902896805143356,0.00751092063861519,"PGLYRP3/PGLYRP4/REG3G/REG1B/REG1A/REG3A/JCHAIN/RNASE7/IGHM/ZG16/NOD2/PGLYRP2",12
"GO:0030515","snoRNA binding","17/4676","32/18639",0.53125,2.11761521599658,3.6616485029746,0.000620053984373991,0.0110965505255501,0.00923087886511656,"WDR3/UTP25/HEATR1/NOP58/RRP9/NOP14/GAR1/NHP2/BYSL/NUDT1/PRKDC/DDX21/NUFIP1/ISG20/TSR1/NOP56/DKC1",17
"GO:0015347","sodium-independent organic anion transmembrane transporter activity","11/4676","17/18639",0.647058823529412,2.57924067830725,3.76970319397995,0.000641665769333085,0.0113360952582178,0.00943014875578582,"SLCO2A1/SLCO4C1/SLCO5A1/SLC22A11/SLCO2B1/SLCO1C1/SLCO1B3/SLCO1B3-SLCO1B7/SLCO1B1/SLCO1A2/SLCO4A1",11
"GO:0005253","monoatomic anion channel activity","41/4676","103/18639",0.398058252427184,1.58669969353941,3.4552064301168,0.000694303103600983,0.0121107554020526,0.0100745646878277,"GABRD/CLCNKA/CLCNKB/BEST4/MCOLN3/CLCA4/SLC26A9/PACC1/SLC1A4/CLCN2/GABRA2/GABRA4/GABRB1/NMUR2/GABRB2/GABRP/SLC17A3/CLIC5/TTYH3/CLDN4/SLC1A1/ANO5/ANO3/ANO1/AQP6/BEST3/SLC17A8/GABRB3/OCA2/P2RX5/MCOLN1/LRRC8E/BEST2/FXYD3/FXYD1/SLC17A7/TMC4/CLCN4/GLRA2/GABRA3/GABRQ",41
"GO:0015297","antiporter activity","51/4676","135/18639",0.377777777777778,1.50585970915312,3.41359269352016,0.000720563966752119,0.0124117143273052,0.0103249231551718,"SLC30A2/SLC9A1/SLC35D1/SLC44A5/SLC25A24/SLC26A9/SLC30A10/SLC9A4/SLC9A2/SLC11A1/SLC4A3/SLC38A3/SLC9A9/LETM1/SLC4A4/SLC7A11/SLC9A3/SLC4A9/SLC26A2/SLC44A4/SLC35D3/SLC26A3/SLC4A2/SLC30A8/SLC24A2/SLC35D2/SLC25A25/SLC18A3/SLC22A11/SLC37A2/SLC4A8/SLC25A15/SLC25A21/SLC8A3/CHP1/SLC30A4/SLC7A5/SLC47A2/SLC6A4/SLC4A1/SLC25A19/SLC25A23/SLC17A7/SLC4A11/SLC32A1/SLC37A1/SLC19A1/SLC35E4/CLCN4/SLC9A7/SLC38A5",51
"GO:0140375","immune receptor activity","57/4676","156/18639",0.365384615384615,1.45645933407909,3.31303249596734,0.000946187439699212,0.0160968678013026,0.0133904889127023,"IL22RA1/IFNLR1/IL23R/CD160/IL6R/FCER1A/FCGR3A/FCMR/PIGR/CR2/CR1/IL1R2/IL1RL2/IL18RAP/IL17RE/CX3CR1/CCR8/ACKR2/CCR9/CCR3/CCR2/IL17RB/LIFR/GHR/GFRA3/HLA-DRB1/HLA-DQB1/IL20RA/IL22RA2/GFRA2/CNTFR/GFRA1/CD44/IL10RA/CXCR5/KLRD1/KLRK1/KLRC4-KLRK1/KLRC1/CMKLR1/FLT3/IL4R/IL21R/CCR7/CCR10/EBI3/FCER2/CRLF1/LILRB5/LILRB1/IL10RB/IFNGR2/CSF2RB/IL2RB/IL17REL/IL2RG/IL13RA2",57
"GO:0005326","neurotransmitter transmembrane transporter activity","12/4676","20/18639",0.6,2.39165953806672,3.60344052406972,0.00096110971845347,0.0161513316101083,0.0134357956790222,"SLC22A4/SLC29A1/SLC22A2/SLC22A3/SLC29A4/SLC18A3/SLC6A15/SLC17A8/SLC6A4/SLC6A16/SLC17A7/GABRQ",12
"GO:0042923","neuropeptide binding","17/4676","33/18639",0.515151515151515,2.05344505793608,3.50501505417165,0.000981832341872374,0.0163007827361462,0.0135601194711353,"OPRD1/NMUR1/NPY1R/NPY5R/NMUR2/ADCYAP1R1/OPRK1/NPY4R/NPY4R2/PTGDR2/SORL1/SSTR1/SSTR5/SSTR2/GALR1/SSTR3/GRPR",17
"GO:0003777","microtubule motor activity","29/4676","68/18639",0.426470588235294,1.69995408342978,3.34621543992872,0.00114076259796805,0.0187139388095236,0.0155675497391881,"KIF2C/KIF14/DNAH14/KIF26B/DNAH6/DNAH7/KIF1A/KIF15/KIF9/DNAH12/CENPE/DNAH5/KIF20A/KIF4B/KIFC1/DNAH11/KIF13B/KIF24/KIF12/KIF20B/KIF11/KIF18A/DNAH10/KIF23/DNAH2/DNAH9/KIF18B/KIF16B/KIF4A",29
"GO:0005452","solute:inorganic anion antiporter activity","16/4676","31/18639",0.516129032258065,2.05734153812191,3.40952459910332,0.00134232972449978,0.0213865251709791,0.017790792079441,"SLC25A24/SLC26A9/SLC4A3/SLC4A4/SLC4A9/SLC26A2/SLC26A3/SLC4A2/SLC25A25/SLC22A11/SLC37A2/SLC4A8/SLC4A1/SLC25A23/SLC4A11/SLC37A1",16
"GO:0140097","catalytic activity, acting on DNA","109/4676","336/18639",0.324404761904762,1.29310957167298,3.13751662406627,0.00134982968386696,0.0213865251709791,0.017790792079441,"RAD54L/DNASE2B/DDX20/DCLRE1B/EXO1/MSH2/MSH6/APLF/DQX1/DDX18/MCM6/MYD88/DNASE1L3/POLQ/MCM2/RUVBL1/ASTE1/HLTF/RFC4/ATP13A5/ATP13A4/ZGRF1/AFG2A/DDX60/DDX60L/NEIL3/TERT/TDP2/HMGA1/MCM3/ASCC3/SMPDL3A/FIGNL1/RFC2/MCM7/XRCC2/POLB/MCM4/RAD54B/DSCC1/ATAD2/TATDN1/TOP1MT/RECQL4/RIGI/POLE3/DDX31/MYO3A/DNA2/DDX21/TWNK/NAV2/FEN1/POLD4/CLPB/RPS3/MRE11/DDX10/REXO2/DDX11/HMGA2/HELB/ALKBH2/UNG/RFC5/DDX55/DDX51/RFC3/GTF2F2/TEP1/APEX1/FANCM/POLE2/TDP1/PLD4/RAD51/PIF1/AEN/ISG20/BLM/CHTF18/NTHL1/DNASE1L2/DDX28/TP53/ATAD5/TOP2A/EME1/NME1/BRIP1/RECQL5/SMCHD1/VPS4B/DNMT1/ERCC2/DHX34/LIG1/RUVBL2/POLD1/PCNA/MCM8/DNMT3B/CHD6/DDX27/CECR2/MCM5/POLA1/ERCC6L/DKC1",109
"GO:0004497","monooxygenase activity","41/4676","106/18639",0.386792452830189,1.54179309843924,3.23713695904435,0.00135023780107053,0.0213865251709791,0.017790792079441,"CYP4B1/CYP4X1/CYP4Z1/FMO5/FMO4/CYP26B1/CYP27A1/CYP8B1/FAXDC2/CYP39A1/CYP2W1/CYP3A5/CYP3A4/SQLE/TYRP1/AKR1C2/AKR1C3/AKR1C4/CYP26A1/CYP2C18/CYP2C9/CYP2C8/TH/MICAL2/TPH1/CYP27B1/PAH/CYP19A1/CYP11A1/CYP4F22/CYP4F8/CYP4F12/CYP2B6/CYP2F1/NLRP11/PTGIS/CYP24A1/MICAL3/HMOX1/FOXRED2/MIOX",41
"GO:0042605","peptide antigen binding","21/4676","45/18639",0.466666666666667,1.86017964071856,3.34315520219548,0.00136847599102857,0.0214290899504246,0.0178262004094511,"HLA-G/HLA-H/HLA-A/HLA-E/HLA-C/HLA-B/HLA-DRB5/HLA-DRB1/HLA-DQB1/HLA-DMB/TRGV9/TRGV3/TRBV7-9/TRAV12-1/TRAV8-4/TRAV19/TRAV29DV5/B2M/SLC7A5/CD209/CLEC4M",21
"GO:0016538","cyclin-dependent protein serine/threonine kinase regulator activity","22/4676","48/18639",0.458333333333333,1.8269621471343,3.31972730109282,0.00142518206671893,0.0220663021116706,0.018356277594996,"CKS1B/CDK5R2/CNPPD1/KAT2B/CCNG2/CCNA2/CCNO/CCNB1/CCNI2/CCNJL/CDKN1A/CDKN2A/CDKN2B/CKS2/CCND1/CCND2/CDK4/MNAT1/CCNB2/CCNF/CCNE1/CCNP",22
"GO:0042379","chemokine receptor binding","30/4676","72/18639",0.416666666666667,1.660874679213,3.25133731250672,0.00148182293913361,0.0226689324456878,0.0188575872227897,"YARS1/XCL2/CX3CR1/CCR2/CXCL8/CXCL6/PF4V1/PF4/PPBP/CXCL5/CXCL3/CXCL9/CXCL10/CXCL11/CXCL13/CCL28/CCL26/CCL24/DEFB1/DEFB4A/CCL19/CCL21/C5/CXCL12/GPR15LG/CCL7/CCL5/CCL16/CCL23/CCL25",30
"GO:0098960","postsynaptic neurotransmitter receptor activity","29/4676","69/18639",0.420289855072464,1.6753170677279,3.25217461434468,0.00150190897784154,0.0226689324456878,0.0188575872227897,"GABRD/GRIK3/CHRM3/CHRNA1/HTR3E/GABRA2/GABRA4/GABRB1/KCTD16/GRIA1/GABRB2/DRD1/GABBR1/GRIK2/GRIN3A/ADRB1/DRD4/GRIA4/DRD2/HTR3A/GRIN2B/CHRNA7/CHRM5/CHRNA5/GRIN2A/GRIN2D/CHRNA4/GLRA2/GRIA3",29
"GO:0030594","neurotransmitter receptor activity","38/4676","97/18639",0.391752577319588,1.56156464684769,3.20889032472484,0.00151345557692545,0.0226689324456878,0.0188575872227897,"GABRD/HTR1D/GRIK3/CHRM3/CHRNA1/HTR1F/HTR3E/GABRA2/GABRA4/GABRB1/KCTD16/HTR4/GRIA1/GABRB2/GABRP/DRD1/GABBR1/HTR1B/GRIK2/GRIN3A/HTR7/ADRB1/DRD4/GRIA4/DRD2/HTR3A/GRIN2B/GABRB3/CHRNA7/CHRM5/CHRNA5/GRIN2A/GRIN2D/CHRNA4/GLRA2/GRIA3/GABRA3/GABRQ",38
"GO:0051139","metal cation:proton antiporter activity","14/4676","26/18639",0.538461538461538,2.14636112390603,3.38491268841959,0.00157414630390139,0.0233244473846895,0.0194028899258474,"SLC30A2/SLC9A1/SLC9A4/SLC9A2/SLC11A1/SLC38A3/SLC9A9/LETM1/SLC9A3/SLC30A8/CHP1/SLC17A7/SLC9A7/SLC38A5",14
"GO:0019838","growth factor binding","50/4676","136/18639",0.367647058823529,1.46547765812912,3.15278790929748,0.00161141183711563,0.0235450921811413,0.0195864375412596,"EPHA8/SORT1/IL6R/IL1R2/IL36RN/ACVR1C/COL3A1/IGFBP2/FGFRL1/FGFR3/FGFBP1/FGFBP2/KLB/CXCL13/NKD2/LIFR/GHR/CSF1R/FGFR4/PDGFA/GHRHR/IGFBP1/EGFR/CD36/COL1A2/CNTFR/IGFBPL1/FGFR2/IL10RA/COL2A1/ACVRL1/IGFBP6/FLT3/FLT1/COL4A1/THBS1/NTRK3/PCSK6/RPS2/TRIM16/NGFR/COL1A1/RHBDF2/INSR/TGFBR3L/RPS19/IL2RB/IL2RG/SRPX2/CHRDL1",50
"GO:0072341","modified amino acid binding","36/4676","91/18639",0.395604395604396,1.57691837674729,3.19252319567844,0.00162321027373616,0.0235450921811413,0.0195864375412596,"PLEKHN1/MTHFR/MMACHC/GSTM2/CAVIN2/FTCDNL1/CPS1/PLCD1/GAP43/MME/ANXA10/TIMD4/SCIN/ANXA13/GSDMC/ADGRB1/SYT9/FOLR3/FOLR1/FOLR2/SYTL2/NOX4/APPL2/HMGB1/THBS1/TRIM72/SMPD3/DPEP1/SLC46A1/GSDMA/TYMS/SYT5/CPNE1/LOC102724560/SLC19A1/GPR143",36
"GO:0003688","DNA replication origin binding","10/4676","16/18639",0.625,2.4913120188195,3.45343450205563,0.00168463166671709,0.0239321900694449,0.0199084523608781,"ORC1/HSPD1/MCM2/ORC5/MCM10/DDX11/CDC6/CDC45/MCM5/POLA1",10
"GO:0099507","ligand-gated monoatomic ion channel activity involved in regulation of presynaptic membrane potential","10/4676","16/18639",0.625,2.4913120188195,3.45343450205563,0.00168463166671709,0.0239321900694449,0.0199084523608781,"GRIK3/GABRA2/GABRB1/GRIA1/GRIK2/GRIA4/HTR3A/GRIN2B/GRIN2D/GRIA3",10
"GO:0071855","neuropeptide receptor binding","19/4676","40/18639",0.475,1.89339713430282,3.27323577717537,0.00176538259493289,0.0248234409777299,0.0206498565615674,"EDN2/KISS1/POMC/UCN/UCN2/NMU/APELA/VIP/NPY/TAC1/UCN3/GAL/GNAO1/HCRT/PPY/PYY/ASIP/EDN3/APLN",19
"GO:0042910","xenobiotic transmembrane transporter activity","16/4676","32/18639",0.5,1.9930496150556,3.25353358141733,0.00206460546462557,0.0287376396995357,0.023905958011454,"ABCB11/ABCG2/SLC22A5/SLC17A3/SLC22A2/SLC29A4/ABCB5/ABCB1/ABCC2/SLC67A1/ABCC1/SLC47A2/SLC46A1/ABCC3/ABCA8/SLC19A1",16
"GO:0005315","phosphate transmembrane transporter activity","13/4676","24/18639",0.541666666666667,2.1591370829769,3.28818645833256,0.00215228032985071,0.0296584229453428,0.024671929254815,"SLC25A24/SLC20A1/SLC17A4/SLC17A1/SLC17A3/SLC20A2/SLC25A25/SLC34A3/SLC37A2/SLC17A8/SLC25A23/SLC17A7/SLC37A1",13
"GO:0008301","DNA binding, bending","11/4676","19/18639",0.578947368421053,2.30774165953807,3.30032308324798,0.00234656004859526,0.0317015661467086,0.0263715572024793,"LEF1/HMGB2/FOXD1/FOXI1/HMGA1/FOXD4/TFAM/HMGA2/HMGB1/TOP2A/HMGB3",11
"GO:0016918","retinal binding","11/4676","19/18639",0.578947368421053,2.30774165953807,3.30032308324798,0.00234656004859526,0.0317015661467086,0.0263715572024793,"ABCA4/CRABP2/OPN3/RBP2/RBP1/ADH4/CYP2W1/RBP3/OPN4/RBP4/STRA6",11
"GO:0033218","amide binding","82/4676","247/18639",0.331983805668016,1.32332039218267,2.96015621404624,0.00246242722241572,0.0329357063238685,0.0273982004328873,"CPTP/CLSTN1/FBXO2/ECE1/C1QA/EPHB2/PPIH/MMACHC/LRP8/IL23R/GSTM2/NPR1/CD1D/CD1C/ACBD6/RYR2/FKBP1B/SCTR/FTCDNL1/FZD5/ACADL/ITM2C/OXTR/VIPR1/PTH1R/BCHE/TLR10/GHR/ITGA2/CRHBP/GRIA1/FKBP5/GHRHR/ADCYAP1R1/INHBA/PPIA/TMEM120A/CD36/ACHE/CLU/LAPTM4B/APBA1/ACBD7/NPY4R/LDLRAD3/FOLH1/PC/FOLR3/FOLR1/FOLR2/GRIA4/ACAT1/CRYAB/C2CD2L/SORL1/FKBP4/GRIN2B/SOAT2/CMKLR1/ACACB/GLTP/ITM2B/CHRNA7/GRIN2A/NOD2/P2RX1/GLP2R/SLC46A1/FKBP10/NGFR/TYMS/GALR1/INSR/CACNA1A/MAG/GIPR/PFDN4/HLCS/SLC19A1/PNPLA3/ITM2A/GRIA3",82
"GO:0008528","G protein-coupled peptide receptor activity","45/4676","122/18639",0.368852459016393,1.47028250290987,3.01578904231744,0.00248571368482026,0.0329357063238685,0.0273982004328873,"OPRD1/NPR1/GPR37L1/AVPR1B/TACR1/SCTR/NMUR1/OXTR/CX3CR1/VIPR1/PTH1R/AGTR1/QRFPR/EDNRA/NPY2R/NPY1R/NPY5R/F2RL2/F2RL1/NMUR2/GHRHR/ADCYAP1R1/NPSR1/OPRK1/NPY4R/NPY4R2/NPFFR1/SORCS1/APLNR/GAL/GPR84/LTB4R/SSTR1/BDKRB2/BDKRB1/SSTR5/INPP5K/GLP2R/SSTR2/GALR1/KISS1R/GIPR/SSTR3/GPR143/GRPR",45
"GO:0140828","metal cation:monoatomic cation antiporter activity","19/4676","41/18639",0.463414634146341,1.847216716393,3.14268504464995,0.00252463618515588,0.0331328444109029,0.027562193540198,"SLC30A2/SLC9A1/SLC30A10/SLC9A4/SLC9A2/SLC11A1/SLC38A3/SLC9A9/LETM1/SLC9A3/SLC4A9/SLC30A8/SLC24A2/SLC4A8/SLC8A3/CHP1/SLC17A7/SLC9A7/SLC38A5",19
"GO:0005504","fatty acid binding","21/4676","47/18639",0.446808510638298,1.78102306026245,3.10239624773242,0.00267273229105097,0.0347455197836626,0.0289037285496972,"GSTM2/CRABP2/FABP1/ACOXL/UGT1A8/PPARG/RBP2/RBP1/FABP2/FABP6/PRR7/PPARD/PMP2/FABP4/FABP12/PTGDS/FFAR4/STX3/GSTP1/ACOX1/HNF4A",21
"GO:0099529","neurotransmitter receptor activity involved in regulation of postsynaptic membrane potential","24/4676","56/18639",0.428571428571429,1.70832824147623,3.07197865465478,0.00272214419482699,0.0350571467333794,0.0291629614182645,"GABRD/GRIK3/CHRNA1/HTR3E/GABRA2/GABRA4/GABRB1/KCTD16/GRIA1/GABRB2/GABBR1/GRIK2/GRIN3A/ADRB1/GRIA4/HTR3A/GRIN2B/CHRNA7/CHRNA5/GRIN2A/GRIN2D/CHRNA4/GLRA2/GRIA3",24
"GO:0005436","sodium:phosphate symporter activity","8/4676","12/18639",0.666666666666667,2.6573994867408,3.32348636746672,0.00283997986453137,0.0362360393826317,0.0301436459305523,"SLC20A1/SLC17A4/SLC17A1/SLC17A3/SLC20A2/SLC34A3/SLC17A8/SLC17A7",8
"GO:0070492","oligosaccharide binding","10/4676","17/18639",0.588235294117647,2.34476425300659,3.20999969753992,0.00317458294869424,0.0398835485977617,0.0331778965877034,"ITLN2/SELE/REG3G/REG1B/REG1A/REG3A/LOXL2/LGALS12/LGALS3/LGALS9",10
"GO:0003689","DNA clamp loader activity","56/4676","160/18639",0.35,1.39513473053892,2.90478169006012,0.00318373755134527,0.0398835485977617,0.0331778965877034,"RAD54L/DDX20/DQX1/DDX18/MCM6/POLQ/MCM2/RUVBL1/RFC4/ATP13A5/ATP13A4/AFG2A/DDX60/DDX60L/MCM3/ASCC3/SMPDL3A/FIGNL1/RFC2/MCM7/MCM4/DSCC1/ATAD2/RECQL4/RIGI/DDX31/MYO3A/DNA2/DDX21/TWNK/NAV2/CLPB/DDX10/DDX11/HELB/RFC5/DDX55/DDX51/RFC3/FANCM/PIF1/BLM/CHTF18/DDX28/BRIP1/RECQL5/SMCHD1/VPS4B/ERCC2/DHX34/RUVBL2/MCM8/CHD6/DDX27/MCM5/ERCC6L",56
"GO:0004175","endopeptidase activity","126/4676","405/18639",0.311111111111111,1.24011976047904,2.82723542444705,0.00331265798064168,0.041124708984903,0.0342103797147349,"ECE1/CELA3B/CELA3A/RHBDL2/TMEM59/PCSK9/CLCA4/CTSS/PAPPA2/CTSE/CAPN2/CAPN13/DPP4/FAP/CASP10/CPS1/ECEL1/PRSS56/LTF/ADAMTS9/MME/MASP1/CORIN/CFI/KLKB1/ADAMTS12/GZMA/ADAMTS6/F12/PGC/CAPN11/MEP1A/TINAG/ADAM22/IMMP2L/PRSS2/BMP1/ADAM28/ADAMDEC1/ADAM32/SFRP1/PRSS3/PCSK5/PLAU/HABP2/CASP7/ADAM12/CTSD/NRIP3/F2/CTSW/CAPN5/MMP7/MMP20/MMP27/MMP8/MMP10/MMP1/MMP3/MMP12/MMP13/CASP5/TMPRSS5/PCSK7/TMPRSS13/USP2/ST14/OVCH1/ESPL1/MIPEP/F7/CIROP/CMA1/CTSG/GZMB/PSEN1/SPPL2A/PCSK6/RHBDL1/TPSG1/TPSB2/TPSAB1/TPSD1/PRSS33/PRSS41/PRSS22/MMP25/PRSS8/PRSS36/CAPNS2/MMP15/HP/CTRB2/CTRB1/ADAMTS18/MMP28/MEP1B/GZMM/ELANE/CFD/PCSK4/ATG4D/HPN/CAPN12/PRRG2/KLK6/KLK7/KLK8/KLK10/KLK11/KLK12/KLK13/KLK14/ADAM33/TASP1/PCSK2/CPNE1/MMP9/CTSZ/BACE2/TMPRSS2/TMPRSS6/MBTPS2/USP27X/ATG4A/PRRG3",126
"GO:0004857","enzyme inhibitor activity","129/4676","416/18639",0.310096153846154,1.2360740401066,2.81794489459047,0.00338832606969782,0.0416885118218178,0.0346793899426779,"ATAD3A/DFFA/CAMK2N1/SFN/ANGPTL3/GBP2/GLMN/NGF/TXNIP/ANP32E/AGT/RPS7/UCN/SPRED2/RTKN/PPP1R1C/IGFBP2/SERPINE2/UGT1A8/UGT1A10/UGT1A9/UGT1A7/UGT1A6/UGT1A4/UGT1A1/KAT2B/LTF/COL7A1/CIP2A/LXN/CAMK2N2/AHSG/FETUB/KNG1/RHOH/SPINK2/PPEF2/ABCE1/SPOCK3/IQGAP2/SPINK1/SPINK5/SPINK6/PTTG1/NPM1/BOD1/SNCB/PAK1IP1/CDKN1A/PI16/CD109/PKIB/PPP1R14C/FBXO5/PRKAR1B/ELFN1/LMTK2/SERPINE1/POT1/PTN/PI15/PKIA/DEPTOR/CDKN2A/CDKN2B/SPINK4/AMBP/C5/SET/NOTCH1/TPRN/ITIH2/DDX21/SPOCK2/CRY2/PPP1R14B/CST6/ARRB1/SERPINH1/SLN/NHERF4/SORL1/A2ML1/SLCO1B3/SLCO1B3-SLCO1B7/PPP1R1A/TESC/CIT/IPO5/LGALS3/SERPINA9/GSKIP/THBS1/PPP1R14D/SPINT1/CHP1/PIF1/CIB1/PYDC1/C1QBP/FLCN/MAPK7/PPP1R1B/BIRC5/PDE6G/SERPINB5/SERPINB4/SERPINB3/SERPINB7/SERPINB2/C3/CPAMD8/SPINT2/TRIB3/CSTL1/CST4/CST1/CST2/PPP1R16B/R3HDML/WFDC10A/WFDC10B/PHACTR3/BIRC7/SERPIND1/ELFN2/ANOS1/TIMP1/EZHIP",129
"GO:0003707","nuclear steroid receptor activity","13/4676","25/18639",0.52,2.07277159965783,3.10602504336559,0.0034622728187523,0.0422213446392979,0.0351226371646134,"RXRG/ESRRG/NR3C2/NR3C1/PPARD/PAQR8/ESR1/GPER1/RXRA/OR51E2/PDE3A/NR2E3/PPARA",13
"GO:0140713","histone chaperone activity","57/4676","164/18639",0.347560975609756,1.38541253729475,2.86881851014767,0.00350388631764224,0.0423539942606229,0.0352329843020536,"RAD54L/DDX20/ANP32E/IPO9/APLF/DQX1/DDX18/MCM6/MYD88/POLQ/MCM2/RUVBL1/ATP13A5/ATP13A4/AFG2A/DDX60/DDX60L/MCM3/ASCC3/SMPDL3A/FIGNL1/MCM7/MCM4/ATAD2/RECQL4/RIGI/PRDM12/DDX31/MYO3A/DNA2/DDX21/TWNK/NAV2/CLPB/DDX10/DDX11/HELB/NAP1L1/DDX55/DDX51/FANCM/PIF1/BLM/DDX28/BRIP1/RECQL5/SMCHD1/VPS4B/ASF1B/ERCC2/DHX34/RUVBL2/MCM8/CHD6/DDX27/MCM5/ERCC6L",57
"GO:0005267","potassium channel activity","45/4676","124/18639",0.362903225806452,1.44656826899197,2.88724994178814,0.00356218070185715,0.0424443340553942,0.0353081351969478,"GRIK3/MCOLN3/KCNA3/KCNJ10/KCNJ9/KCNK1/KCNF1/KCNK3/KCNG3/KCNK12/KCNJ3/KCNH8/KCNIP4/HCN1/KCNIP1/KCNK5/KCNQ5/GRIK2/KCNB2/KCNV1/KCNQ3/KCNK9/KCNV2/KCNT1/FXYD4/KCNIP2/KCNQ1/KCNJ11/ABCC8/KCNE3/SCN2B/KCNA6/KCNA5/ABCC9/KCNMB4/HCN4/KCNH4/MCOLN1/KCNK6/KCNN4/KCNJ14/KCNA7/KCNS1/KCNG1/KCNJ6",45
"GO:0008401","retinoic acid 4-hydroxylase activity","7/4676","10/18639",0.7,2.79026946107784,3.27696020950269,0.00357296280872694,0.0424443340553942,0.0353081351969478,"CYP26B1/CYP2W1/CYP3A5/CYP3A4/CYP26A1/CYP2C18/CYP2C8",7
"GO:0008188","neuropeptide receptor activity","21/4676","48/18639",0.4375,1.74391841317365,2.98635950213226,0.00364304913219811,0.0426322746540147,0.0354644771967168,"TACR1/NMUR1/QRFPR/NPY2R/NPY1R/NPY5R/NMUR2/NPSR1/NPY4R/NPY4R2/NPFFR1/SORCS1/GAL/SSTR1/SSTR5/SSTR2/GALR1/KISS1R/SSTR3/GPR143/GRPR",21
"GO:0005030","neurotrophin receptor activity","22/4676","51/18639",0.431372549019608,1.71949378553817,2.97744219871989,0.00365065922291272,0.0426322746540147,0.0354644771967168,"EPHA8/EPHB2/EPHA10/SORT1/ALK/EPHB1/EPHB3/FGFR3/CSF1R/FGFR4/EGFR/EPHB4/MET/EPHA1/MUSK/GFRA1/FGFR2/FLT3/FLT1/LTK/NTRK3/INSR",22
"GO:0001614","purinergic nucleotide receptor activity","11/4676","20/18639",0.55,2.19235457656116,3.08737782677022,0.00403988822987967,0.0463913831731183,0.0385915638801664,"P2RY12/P2RY1/P2RX3/P2RY2/P2RX4/P2RX2/P2RX5/P2RX1/P2RX6/GPR34/P2RY4",11
"GO:0016502","nucleotide receptor activity","11/4676","20/18639",0.55,2.19235457656116,3.08737782677022,0.00403988822987967,0.0463913831731183,0.0385915638801664,"P2RY12/P2RY1/P2RX3/P2RY2/P2RX4/P2RX2/P2RX5/P2RX1/P2RX6/GPR34/P2RY4",11
"GO:0047499","calcium-independent phospholipase A2 activity","15/4676","31/18639",0.483870967741935,1.92875769198929,2.99489056588904,0.00422585406954606,0.0476272486549973,0.0396196423384707,"PLA2G2A/PLA2G5/PLA2G2D/PRDX6/PLB1/PNPLA2/PLAAT4/PLAAT2/PLA2G4E/PLA2G4D/PLA2G4F/PLA2G10/ABHD3/PLA2G3/PNPLA3",15
"GO:0072349","modified amino acid transmembrane transporter activity","15/4676","31/18639",0.483870967741935,1.92875769198929,2.99489056588904,0.00422585406954606,0.0476272486549973,0.0396196423384707,"SLC22A15/SLC5A6/SLC1A4/SLC6A20/SLC7A11/SLC22A4/SLC22A5/SLC25A32/SLC16A9/SLC16A12/ABCC1/SLC46A1/SLC13A3/SLC19A1/SLC6A8",15
"GO:0004089","carbonate dehydratase activity","9/4676","15/18639",0.6,2.39165953806672,3.12025210224139,0.00428576112715505,0.0476272486549973,0.0396196423384707,"CA8/CA1/CA2/CA9/CA12/CA7/CA5A/CA10/CA4",9
"GO:0015250","water channel activity","9/4676","15/18639",0.6,2.39165953806672,3.12025210224139,0.00428576112715505,0.0476272486549973,0.0396196423384707,"AQP7B/AQP12A/AQP12B/AQP7/AQP11/AQP2/AQP5/AQP6/AQP8",9
"GO:0008094","ATP-dependent activity, acting on DNA","70/4676","210/18639",0.333333333333333,1.3286997433704,2.77207938583732,0.00435406405810974,0.0479992021766018,0.0399290590255285,"RAD54L/DDX20/MSH2/MSH6/DQX1/DDX18/MCM6/MYD88/POLQ/MCM2/RUVBL1/HLTF/RFC4/ATP13A5/ATP13A4/ZGRF1/AFG2A/DDX60/DDX60L/MCM3/ASCC3/SMPDL3A/FIGNL1/RFC2/MCM7/XRCC2/MCM4/RAD54B/DSCC1/ATAD2/RECQL4/RIGI/DDX31/MYO3A/DNA2/DDX21/TWNK/NAV2/CLPB/MRE11/DDX10/DDX11/HELB/RFC5/DDX55/DDX51/RFC3/GTF2F2/FANCM/RAD51/PIF1/BLM/CHTF18/DDX28/TP53/ATAD5/TOP2A/BRIP1/RECQL5/SMCHD1/VPS4B/ERCC2/DHX34/RUVBL2/MCM8/CHD6/DDX27/CECR2/MCM5/ERCC6L",70
"GO:0019825","oxygen binding","16/4676","34/18639",0.470588235294118,1.87581140240527,2.95789499388155,0.00448406833239754,0.0490400489051096,0.0407949073849701,"CYP4B1/CYP8B1/CYP3A5/CYP3A4/CYP26A1/CYP2C18/TH/HBB/NGB/CYP19A1/HBM/HBA2/HBA1/HBQ1/CYP2F1/LOC102724560",16
